Country name,year,Life Ladder,Log GDP Per Capita,Positive Affect,Negative Affect
Afghanistan,2008,3.724,7.350,0.414,0.258
Afghanistan,2009,4.402,7.509,0.481,0.237
Afghanistan,2010,4.758,7.614,0.517,0.275
Afghanistan,2011,3.832,7.581,0.480,0.267
Afghanistan,2012,3.783,7.661,0.614,0.268
Afghanistan,2013,3.572,7.680,0.547,0.273
Afghanistan,2014,3.131,7.671,0.492,0.375
Afghanistan,2015,3.983,7.654,0.491,0.339
Afghanistan,2016,4.220,7.650,0.501,0.348
Afghanistan,2017,2.662,7.648,0.435,0.371
Afghanistan,2018,2.694,7.631,0.385,0.405
Afghanistan,2019,2.375,7.640,0.324,0.502
Afghanistan,2021,2.436,7.325,0.179,0.607
Afghanistan,2022,1.281,,0.206,0.576
Afghanistan,2023,1.446,,0.261,0.460
Albania,2007,4.634,9.122,0.489,0.246
Albania,2009,5.485,9.241,0.564,0.279
Albania,2010,5.269,9.283,0.576,0.300
Albania,2011,5.867,9.310,0.566,0.257
Albania,2012,5.510,9.326,0.553,0.271
Albania,2013,4.551,9.338,0.541,0.338
Albania,2014,4.814,9.358,0.573,0.335
Albania,2015,4.607,9.382,0.579,0.350
Albania,2016,4.511,9.417,0.567,0.322
Albania,2017,4.640,9.455,0.547,0.334
Albania,2018,5.004,9.497,0.592,0.319
Albania,2019,4.995,9.522,0.548,0.274
Albania,2020,5.365,9.494,0.563,0.265
Albania,2021,5.255,9.588,0.554,0.254
Albania,2022,5.212,9.649,0.547,0.255
Albania,2023,5.445,9.689,0.597,0.314
Algeria,2010,5.464,9.306,,
Algeria,2011,5.317,9.316,0.503,0.255
Algeria,2012,5.605,9.330,0.540,0.230
Algeria,2014,6.355,9.355,0.558,0.177
Algeria,2016,5.341,9.383,0.565,0.377
Algeria,2017,5.249,9.377,0.555,0.289
Algeria,2018,5.043,9.370,0.534,0.293
Algeria,2019,4.745,9.361,0.544,0.215
Algeria,2020,5.438,9.291,0.524,0.311
Algeria,2021,5.217,9.308,0.498,0.258
Algeria,2022,5.538,9.323,0.583,0.259
Angola,2011,5.589,8.944,0.667,0.361
Angola,2012,4.360,8.989,0.591,0.305
Angola,2013,3.937,9.000,0.650,0.371
Angola,2014,3.795,9.010,0.595,0.368
Argentina,2006,6.313,9.937,0.748,0.328
Argentina,2007,6.073,10.013,0.750,0.279
Argentina,2008,5.961,10.043,0.720,0.318
Argentina,2009,6.424,9.972,0.762,0.237
Argentina,2010,6.441,10.066,0.765,0.211
Argentina,2011,6.776,10.112,0.769,0.232
Argentina,2012,6.468,10.091,0.744,0.272
Argentina,2013,6.582,10.103,0.766,0.254
Argentina,2014,6.671,10.067,0.769,0.238
Argentina,2015,6.697,10.083,0.768,0.305
Argentina,2016,6.427,10.051,0.732,0.312
Argentina,2017,6.039,10.069,0.715,0.292
Argentina,2018,5.793,10.032,0.732,0.321
Argentina,2019,6.086,10.002,0.735,0.319
Argentina,2020,5.901,9.888,0.679,0.342
Argentina,2021,5.908,9.977,0.685,0.345
Argentina,2022,6.261,10.019,0.724,0.284
Argentina,2023,6.393,9.994,0.720,0.301
Armenia,2006,4.289,9.021,0.453,0.469
Armenia,2007,4.882,9.157,0.454,0.412
Armenia,2008,4.652,9.230,0.486,0.385
Armenia,2009,4.178,9.085,0.479,0.411
Armenia,2010,4.368,9.113,0.437,0.426
Armenia,2011,4.260,9.164,0.411,0.459
Armenia,2012,4.320,9.239,0.470,0.464
Armenia,2013,4.277,9.276,0.503,0.450
Armenia,2014,4.453,9.315,0.510,0.404
Armenia,2015,4.348,9.351,0.527,0.438
Armenia,2016,4.325,9.357,0.516,0.437
Armenia,2017,4.288,9.434,0.552,0.437
Armenia,2018,5.062,9.490,0.535,0.455
Armenia,2019,5.488,9.569,0.537,0.430
Armenia,2021,5.301,9.561,0.566,0.478
Armenia,2022,5.382,9.683,0.531,0.549
Armenia,2023,5.679,9.730,0.575,0.423
Australia,2005,7.341,10.662,0.770,0.238
Australia,2007,7.285,10.694,0.762,0.215
Australia,2008,7.254,10.709,0.729,0.218
Australia,2010,7.450,10.714,0.762,0.220
Australia,2011,7.406,10.723,0.724,0.195
Australia,2012,7.196,10.744,0.728,0.214
Australia,2013,7.364,10.752,0.770,0.177
Australia,2014,7.289,10.763,0.740,0.245
Australia,2015,7.309,10.770,0.750,0.210
Australia,2016,7.250,10.781,0.736,0.236
Australia,2017,7.257,10.787,0.728,0.225
Australia,2018,7.177,10.801,0.706,0.187
Australia,2019,7.234,10.807,0.727,0.202
Australia,2020,7.137,10.794,0.726,0.205
Australia,2021,7.112,10.815,0.740,0.235
Australia,2022,7.035,10.840,0.711,0.244
Australia,2023,7.025,10.846,0.731,0.248
Austria,2006,7.122,10.836,0.746,0.174
Austria,2008,7.181,10.881,0.716,0.173
Austria,2010,7.303,10.856,0.710,0.156
Austria,2011,7.471,10.881,0.672,0.145
Austria,2012,7.401,10.884,0.712,0.157
Austria,2013,7.499,10.878,0.725,0.163
Austria,2014,6.950,10.877,0.721,0.170
Austria,2015,7.076,10.876,0.748,0.164
Austria,2016,7.048,10.885,0.713,0.197
Austria,2017,7.294,10.900,0.699,0.180
Austria,2018,7.396,10.919,0.695,0.226
Austria,2019,7.195,10.930,0.727,0.205
Austria,2020,7.213,10.859,0.716,0.206
Austria,2021,7.080,10.899,0.722,0.259
Austria,2022,6.999,10.938,0.718,0.226
Austria,2023,6.636,10.930,0.712,0.240
Azerbaijan,2006,4.728,9.154,0.469,0.276
Azerbaijan,2007,4.568,9.366,0.474,0.284
Azerbaijan,2008,4.817,9.447,0.561,0.227
Azerbaijan,2009,4.574,9.515,0.522,0.234
Azerbaijan,2010,4.219,9.553,0.516,0.272
Azerbaijan,2011,4.680,9.541,0.522,0.258
Azerbaijan,2012,4.911,9.549,0.523,0.266
Azerbaijan,2013,5.481,9.592,0.516,0.242
Azerbaijan,2014,5.252,9.607,0.502,0.220
Azerbaijan,2015,5.147,9.606,0.520,0.206
Azerbaijan,2016,5.304,9.563,0.509,0.191
Azerbaijan,2017,5.152,9.555,0.512,0.198
Azerbaijan,2018,5.168,9.562,0.527,0.191
Azerbaijan,2019,5.173,9.578,0.577,0.164
Azerbaijan,2022,4.576,9.619,0.533,0.401
Azerbaijan,2023,5.214,9.637,0.509,0.221
Bahrain,2009,5.701,10.714,0.707,0.422
Bahrain,2010,5.937,10.728,0.641,0.423
Bahrain,2011,4.824,10.749,0.506,0.514
Bahrain,2012,5.027,10.775,0.559,0.381
Bahrain,2013,6.690,10.798,0.711,0.306
Bahrain,2014,6.165,10.802,,
Bahrain,2015,6.007,10.788,0.653,0.303
Bahrain,2016,6.170,10.789,0.736,0.283
Bahrain,2017,6.227,10.798,0.754,0.290
Bahrain,2019,7.098,10.815,0.711,0.317
Bahrain,2020,6.173,10.779,0.730,0.297
Bahrain,2023,5.959,10.877,0.671,0.336
Bangladesh,2006,4.319,7.940,0.459,0.321
Bangladesh,2007,4.607,7.997,0.484,0.313
Bangladesh,2008,5.052,8.047,0.545,0.232
Bangladesh,2009,5.083,8.087,0.506,0.223
Bangladesh,2010,4.858,8.130,0.496,0.292
Bangladesh,2011,4.986,8.181,0.501,0.235
Bangladesh,2012,4.724,8.231,0.537,0.183
Bangladesh,2013,4.660,8.277,0.492,0.246
Bangladesh,2014,4.636,8.323,,0.231
Bangladesh,2015,4.633,8.375,0.543,0.226
Bangladesh,2016,4.556,8.431,0.437,0.235
Bangladesh,2017,4.310,8.483,0.436,0.214
Bangladesh,2018,4.499,8.542,0.433,0.361
Bangladesh,2019,5.114,8.607,0.433,0.369
Bangladesh,2020,5.280,8.629,0.485,0.332
Bangladesh,2021,4.123,8.685,0.504,0.448
Bangladesh,2022,3.408,8.742,0.394,0.448
Bangladesh,2023,4.114,8.783,0.435,0.435
Belarus,2006,5.658,9.489,0.535,0.269
Belarus,2007,5.617,9.576,0.502,0.235
Belarus,2008,5.463,9.677,,0.246
Belarus,2009,5.564,9.681,0.544,0.223
Belarus,2010,5.526,9.759,0.532,0.208
Belarus,2011,5.225,9.813,0.493,0.249
Belarus,2012,5.749,9.832,0.515,0.181
Belarus,2013,5.876,9.842,0.545,0.206
Belarus,2014,5.812,9.858,0.575,0.209
Belarus,2015,5.719,9.818,0.546,0.184
Belarus,2016,5.178,9.792,0.503,0.182
Belarus,2017,5.553,9.818,0.502,0.233
Belarus,2018,5.234,9.851,0.409,0.236
Belarus,2019,5.821,9.867,0.559,0.190
Belgium,2005,7.262,10.744,0.677,0.260
Belgium,2007,7.219,10.791,0.744,0.218
Belgium,2008,7.117,10.788,0.709,0.242
Belgium,2010,6.854,10.778,0.793,0.240
Belgium,2011,7.111,10.782,0.752,0.225
Belgium,2012,6.935,10.783,0.718,0.238
Belgium,2013,7.104,10.783,0.738,0.217
Belgium,2014,6.855,10.794,0.744,0.252
Belgium,2015,6.904,10.809,0.747,0.240
Belgium,2016,6.949,10.816,0.701,0.260
Belgium,2017,6.928,10.829,0.713,0.234
Belgium,2018,6.892,10.842,0.682,0.250
Belgium,2019,6.772,10.859,0.699,0.244
Belgium,2020,6.839,10.799,0.619,0.260
Belgium,2021,6.882,10.856,0.687,0.260
Belgium,2022,6.857,10.881,0.718,0.235
Belgium,2023,6.944,10.883,0.725,0.245
Belize,2007,6.451,9.192,0.732,0.251
Belize,2014,5.956,9.135,0.735,0.282
Benin,2006,3.330,7.844,0.521,0.309
Benin,2008,3.667,7.891,0.574,0.303
Benin,2011,3.870,7.876,0.574,0.219
Benin,2012,3.193,7.894,0.563,0.231
Benin,2013,3.479,7.935,0.646,0.216
Benin,2014,3.347,7.967,0.558,0.273
Benin,2015,3.625,7.955,0.555,0.373
Benin,2016,4.007,7.958,0.578,0.456
Benin,2017,4.853,7.984,0.598,0.458
Benin,2018,5.820,8.020,0.625,0.468
Benin,2019,4.976,8.057,0.638,0.441
Benin,2020,4.408,8.067,0.557,0.305
Benin,2021,4.493,8.108,0.597,0.435
Benin,2022,4.217,8.142,0.571,0.444
Benin,2023,4.420,8.174,0.573,0.428
Bhutan,2013,5.569,9.097,0.664,0.217
Bhutan,2014,4.939,9.143,0.775,0.324
Bhutan,2015,5.082,9.198,0.723,0.312
Bolivia,2006,5.374,8.671,0.708,0.432
Bolivia,2007,5.628,8.698,0.746,0.388
Bolivia,2008,5.298,8.740,0.723,0.392
Bolivia,2009,6.086,8.756,0.742,0.372
Bolivia,2010,5.781,8.780,0.720,0.350
Bolivia,2011,5.779,8.813,0.689,0.361
Bolivia,2012,6.019,8.847,0.699,0.409
Bolivia,2013,5.767,8.896,0.721,0.410
Bolivia,2014,5.865,8.933,0.769,0.398
Bolivia,2015,5.834,8.965,0.749,0.393
Bolivia,2016,5.770,8.991,0.736,0.376
Bolivia,2017,5.651,9.017,0.655,0.434
Bolivia,2018,5.916,9.044,0.705,0.387
Bolivia,2019,5.674,9.051,0.701,0.419
Bolivia,2020,5.559,8.946,0.729,0.382
Bolivia,2021,5.569,8.994,0.721,0.403
Bolivia,2022,5.929,9.012,0.738,0.426
Bolivia,2023,5.860,9.025,0.753,0.401
Bosnia and Herzegovina,2007,4.900,9.191,0.570,0.296
Bosnia and Herzegovina,2009,4.963,9.246,0.507,0.390
Bosnia and Herzegovina,2010,4.669,9.272,0.465,0.409
Bosnia and Herzegovina,2011,4.995,9.300,0.551,0.326
Bosnia and Herzegovina,2012,4.773,9.310,0.469,0.338
Bosnia and Herzegovina,2013,5.124,9.349,0.489,0.315
Bosnia and Herzegovina,2014,5.249,9.373,0.491,0.262
Bosnia and Herzegovina,2015,5.117,9.428,0.486,0.286
Bosnia and Herzegovina,2016,5.181,9.473,0.566,0.304
Bosnia and Herzegovina,2017,5.090,9.517,0.527,0.271
Bosnia and Herzegovina,2018,5.887,9.566,0.568,0.277
Bosnia and Herzegovina,2019,6.016,9.606,0.545,0.238
Bosnia and Herzegovina,2020,5.516,9.588,0.602,0.325
Bosnia and Herzegovina,2021,5.749,9.674,0.604,0.305
Bosnia and Herzegovina,2022,5.872,9.723,0.543,0.285
Bosnia and Herzegovina,2023,6.009,9.759,0.579,0.249
Botswana,2006,4.739,9.495,0.643,0.226
Botswana,2008,5.451,9.543,0.677,0.218
Botswana,2010,3.553,9.446,0.617,0.172
Botswana,2011,3.520,9.492,0.647,0.160
Botswana,2012,4.836,9.471,0.695,0.171
Botswana,2013,4.128,9.557,0.671,0.244
Botswana,2014,4.031,9.593,0.626,0.245
Botswana,2015,3.762,9.524,0.676,0.261
Botswana,2016,3.499,9.573,0.657,0.252
Botswana,2017,3.505,9.593,0.612,0.276
Botswana,2018,3.461,9.613,0.688,0.267
Botswana,2019,3.471,9.624,0.665,0.273
Botswana,2022,3.435,9.650,0.623,0.287
Botswana,2023,3.332,9.673,0.657,0.247
Brazil,2005,6.637,9.435,0.770,0.302
Brazil,2007,6.321,9.512,0.775,0.299
Brazil,2008,6.691,9.552,0.718,0.265
Brazil,2009,7.001,9.541,0.744,0.274
Brazil,2010,6.837,9.604,0.726,0.250
Brazil,2011,7.038,9.634,0.698,0.268
Brazil,2012,6.660,9.644,0.685,0.350
Brazil,2013,7.140,9.665,0.725,0.276
Brazil,2014,6.981,9.661,0.718,0.274
Brazil,2015,6.547,9.617,0.687,0.325
Brazil,2016,6.375,9.575,0.711,0.302
Brazil,2017,6.333,9.580,0.669,0.308
Brazil,2018,6.191,9.590,0.677,0.350
Brazil,2019,6.451,9.595,0.701,0.337
Brazil,2020,6.110,9.555,0.653,0.389
Brazil,2021,6.010,9.598,0.662,0.407
Brazil,2022,6.257,9.622,0.681,0.341
Brazil,2023,6.553,9.635,0.694,0.313
Bulgaria,2007,3.844,9.746,0.500,0.226
Bulgaria,2010,3.912,9.807,0.513,0.238
Bulgaria,2011,3.875,9.834,0.490,0.271
Bulgaria,2012,4.222,9.848,0.510,0.237
Bulgaria,2013,3.993,9.848,0.537,0.278
Bulgaria,2014,4.438,9.863,0.542,0.236
Bulgaria,2015,4.865,9.903,0.556,0.214
Bulgaria,2016,4.838,9.940,0.545,0.172
Bulgaria,2017,5.097,9.974,0.542,0.189
Bulgaria,2018,5.099,10.008,0.554,0.189
Bulgaria,2019,5.108,10.055,0.577,0.200
Bulgaria,2020,5.598,10.020,0.642,0.221
Bulgaria,2021,5.422,10.102,0.647,0.253
Bulgaria,2022,5.378,10.197,0.582,0.165
Bulgaria,2023,5.590,10.273,0.539,0.192
Burkina Faso,2006,3.801,7.327,0.678,0.266
Burkina Faso,2007,4.017,7.337,0.609,0.281
Burkina Faso,2008,3.846,7.364,0.538,0.304
Burkina Faso,2010,4.036,7.416,0.565,0.217
Burkina Faso,2011,4.785,7.450,0.578,0.205
Burkina Faso,2012,3.955,7.482,0.487,0.300
Burkina Faso,2013,3.326,7.509,0.592,0.287
Burkina Faso,2014,3.481,7.521,0.604,0.256
Burkina Faso,2015,4.419,7.530,0.555,0.359
Burkina Faso,2016,4.206,7.558,0.590,0.337
Burkina Faso,2017,4.647,7.590,0.580,0.354
Burkina Faso,2018,4.927,7.626,0.656,0.343
Burkina Faso,2019,4.741,7.654,0.656,0.365
Burkina Faso,2020,4.640,7.647,0.605,0.388
Burkina Faso,2021,4.636,7.687,0.620,0.363
Burkina Faso,2023,4.462,7.693,0.639,0.346
Burundi,2008,3.563,6.700,0.415,0.253
Burundi,2009,3.792,6.687,0.607,0.164
Burundi,2011,3.706,6.694,0.572,0.190
Burundi,2014,2.905,6.723,0.622,0.251
Burundi,2018,3.775,6.607,0.636,0.363
Cambodia,2006,3.569,7.746,,0.341
Cambodia,2007,4.156,7.826,,0.320
Cambodia,2008,4.462,7.874,0.600,0.335
Cambodia,2009,4.111,7.860,0.691,0.188
Cambodia,2010,4.141,7.904,0.662,0.422
Cambodia,2011,4.161,7.957,0.637,0.308
Cambodia,2012,3.899,8.013,0.713,0.352
Cambodia,2013,3.674,8.070,0.670,0.440
Cambodia,2014,3.883,8.125,0.682,0.482
Cambodia,2015,4.162,8.179,0.731,0.399
Cambodia,2016,4.461,8.233,0.713,0.398
Cambodia,2017,4.586,8.287,0.669,0.408
Cambodia,2018,5.122,8.347,0.723,0.414
Cambodia,2019,4.998,8.404,0.704,0.390
Cambodia,2020,4.377,8.361,0.771,0.390
Cambodia,2021,4.555,8.379,0.759,0.391
Cambodia,2022,4.250,8.419,0.756,0.388
Cambodia,2023,4.221,8.462,0.683,0.394
Cameroon,2006,3.851,8.090,0.588,0.271
Cameroon,2007,4.350,8.104,0.630,0.249
Cameroon,2008,4.292,8.104,0.613,0.312
Cameroon,2009,4.741,8.101,0.592,0.250
Cameroon,2010,4.554,8.101,0.594,0.274
Cameroon,2011,4.434,8.106,0.608,0.272
Cameroon,2012,4.245,8.123,0.617,0.284
Cameroon,2013,4.271,8.144,0.640,0.268
Cameroon,2014,4.240,8.169,0.604,0.216
Cameroon,2015,5.038,8.193,0.624,0.346
Cameroon,2016,4.816,8.207,0.635,0.367
Cameroon,2017,5.074,8.214,0.632,0.377
Cameroon,2018,5.251,8.225,0.630,0.356
Cameroon,2019,4.937,8.231,0.606,0.326
Cameroon,2020,5.241,8.207,0.626,0.386
Cameroon,2021,4.963,8.216,0.612,0.347
Cameroon,2022,4.712,8.225,0.586,0.362
Cameroon,2023,4.946,8.238,0.588,0.356
Canada,2005,7.418,10.707,0.783,0.233
Canada,2007,7.482,10.734,0.812,0.257
Canada,2008,7.486,10.733,0.802,0.202
Canada,2009,7.488,10.692,0.793,0.248
Canada,2010,7.650,10.711,0.791,0.233
Canada,2011,7.426,10.733,0.803,0.248
Canada,2012,7.415,10.739,0.776,0.229
Canada,2013,7.594,10.752,0.801,0.263
Canada,2014,7.304,10.770,0.791,0.259
Canada,2015,7.413,10.769,0.792,0.286
Canada,2016,7.245,10.768,0.768,0.237
Canada,2017,7.415,10.786,0.799,0.218
Canada,2018,7.175,10.799,0.773,0.259
Canada,2019,7.109,10.803,0.781,0.285
Canada,2020,7.025,10.740,0.738,0.307
Canada,2021,6.939,10.783,0.763,0.276
Canada,2022,6.918,10.799,0.719,0.287
Canada,2023,6.841,10.794,0.726,0.304
Central African Republic,2007,4.160,6.946,0.567,0.330
Central African Republic,2010,3.568,7.031,0.478,0.257
Central African Republic,2011,3.678,7.057,0.502,0.277
Central African Republic,2016,2.693,6.707,0.551,0.494
Central African Republic,2017,3.476,6.733,0.602,0.599
Chad,2006,3.435,7.369,0.571,0.263
Chad,2007,4.141,7.368,0.598,0.245
Chad,2008,4.632,7.363,0.569,0.225
Chad,2009,3.639,7.369,0.601,0.221
Chad,2010,3.743,7.462,0.560,0.287
Chad,2011,4.393,7.428,0.579,0.289
Chad,2012,4.033,7.478,0.498,0.316
Chad,2013,3.508,7.498,0.437,0.314
Chad,2014,3.460,7.529,0.524,0.329
Chad,2015,4.323,7.525,0.593,0.358
Chad,2016,4.029,7.429,0.564,0.468
Chad,2017,4.559,7.365,0.584,0.538
Chad,2018,4.486,7.355,0.532,0.544
Chad,2019,4.251,7.354,0.556,0.460
Chad,2022,4.397,7.253,0.588,0.499
Chad,2023,4.544,7.254,0.541,0.467
Chile,2006,6.063,9.870,0.752,0.348
Chile,2007,5.698,9.910,0.708,0.342
Chile,2008,5.789,9.938,0.706,0.330
Chile,2009,6.494,9.916,0.756,0.300
Chile,2010,6.636,9.963,0.760,0.300
Chile,2011,6.526,10.013,0.758,0.317
Chile,2012,6.599,10.063,0.736,0.288
Chile,2013,6.740,10.086,0.791,0.285
Chile,2014,6.844,10.094,0.800,0.276
Chile,2015,6.533,10.105,0.752,0.333
Chile,2016,6.579,10.110,0.792,0.283
Chile,2017,6.320,10.108,0.765,0.291
Chile,2018,6.436,10.130,0.755,0.276
Chile,2019,5.942,10.119,0.741,0.337
Chile,2020,6.151,10.042,0.753,0.336
Chile,2021,6.436,10.143,0.735,0.221
Chile,2022,6.415,10.161,0.775,0.253
Chile,2023,6.230,10.155,0.779,0.263
China,2006,4.560,8.696,0.658,0.170
China,2007,4.863,8.824,0.664,0.159
China,2008,4.846,8.911,0.705,0.147
China,2009,4.454,8.996,0.670,0.162
China,2010,4.653,9.092,0.658,0.158
China,2011,5.037,9.178,0.710,0.134
China,2012,5.095,9.247,0.689,0.159
China,2013,5.241,9.315,0.717,0.142
China,2014,5.196,9.380,0.710,0.112
China,2015,5.304,9.442,0.667,0.171
China,2016,5.325,9.503,0.683,0.146
China,2017,5.099,9.564,0.682,0.214
China,2018,5.131,9.625,0.722,0.190
China,2019,5.144,9.679,0.760,0.147
China,2020,5.771,9.699,0.663,0.245
China,2021,5.863,9.779,0.698,0.240
China,2023,6.145,9.861,0.708,0.210
Colombia,2006,6.025,9.277,0.776,0.326
Colombia,2007,6.138,9.330,0.774,0.287
Colombia,2008,6.168,9.351,0.768,0.307
Colombia,2009,6.272,9.351,0.786,0.273
Colombia,2010,6.408,9.383,0.792,0.265
Colombia,2011,6.464,9.440,0.785,0.286
Colombia,2012,6.375,9.468,0.829,0.294
Colombia,2013,6.607,9.508,0.815,0.278
Colombia,2014,6.449,9.542,0.825,0.278
Colombia,2015,6.388,9.562,0.803,0.292
Colombia,2016,6.234,9.572,0.770,0.294
Colombia,2017,6.157,9.570,0.790,0.299
Colombia,2018,5.984,9.577,0.775,0.301
Colombia,2019,6.350,9.590,0.791,0.322
Colombia,2020,5.709,9.500,0.759,0.340
Colombia,2021,5.290,9.593,0.752,0.348
Colombia,2022,5.892,9.658,0.762,0.306
Colombia,2023,5.904,9.667,0.754,0.285
Comoros,2009,3.476,7.999,0.626,0.167
Comoros,2010,3.812,8.015,0.664,0.178
Comoros,2011,3.838,8.034,0.622,0.173
Comoros,2012,3.956,8.044,0.616,0.212
Comoros,2018,3.973,8.100,0.688,0.337
Comoros,2019,4.609,8.099,0.665,0.336
Comoros,2022,3.545,8.085,0.603,0.352
Comoros,2023,3.588,8.095,0.535,0.405
Congo (Brazzaville),2008,3.820,8.390,0.603,0.298
Congo (Brazzaville),2011,4.510,8.502,0.601,0.288
Congo (Brazzaville),2012,3.919,8.569,0.547,0.323
Congo (Brazzaville),2013,3.955,8.538,0.599,0.291
Congo (Brazzaville),2014,4.056,8.579,0.558,0.400
Congo (Brazzaville),2015,4.691,8.519,0.555,0.261
Congo (Brazzaville),2016,4.119,8.381,0.586,0.304
Congo (Brazzaville),2017,4.884,8.312,0.574,0.382
Congo (Brazzaville),2018,5.490,8.239,0.571,0.448
Congo (Brazzaville),2019,5.213,8.215,0.594,0.405
Congo (Brazzaville),2020,5.079,8.127,0.572,0.435
Congo (Brazzaville),2021,4.921,8.082,0.568,0.420
Congo (Brazzaville),2022,5.805,8.074,0.583,0.477
Congo (Brazzaville),2023,4.954,8.086,0.585,0.409
Congo (Kinshasa),2009,3.984,6.699,0.487,0.283
Congo (Kinshasa),2011,4.517,6.769,0.565,0.208
Congo (Kinshasa),2012,4.639,6.803,0.626,0.230
Congo (Kinshasa),2013,4.497,6.851,0.556,0.187
Congo (Kinshasa),2014,4.414,6.907,0.519,0.305
Congo (Kinshasa),2015,3.903,6.940,0.538,0.301
Congo (Kinshasa),2016,4.522,6.929,0.610,0.222
Congo (Kinshasa),2017,4.311,6.931,0.541,0.404
Congo (Kinshasa),2022,3.207,7.032,0.563,0.461
Congo (Kinshasa),2023,3.383,7.076,0.546,0.497
Costa Rica,2006,7.082,9.607,0.815,0.236
Costa Rica,2007,7.432,9.672,0.826,0.240
Costa Rica,2008,6.851,9.704,0.838,0.233
Costa Rica,2009,7.615,9.682,0.840,0.217
Costa Rica,2010,7.271,9.721,0.827,0.221
Costa Rica,2011,7.229,9.752,0.794,0.269
Costa Rica,2012,7.272,9.788,0.837,0.263
Costa Rica,2013,7.158,9.801,0.809,0.278
Costa Rica,2014,7.247,9.824,0.797,0.290
Costa Rica,2015,6.854,9.850,0.811,0.286
Costa Rica,2016,7.136,9.881,0.830,0.281
Costa Rica,2017,7.225,9.912,0.791,0.275
Costa Rica,2018,7.141,9.928,0.802,0.326
Costa Rica,2019,6.998,9.944,0.791,0.303
Costa Rica,2020,6.338,9.892,0.759,0.350
Costa Rica,2021,6.408,9.961,0.774,0.318
Costa Rica,2022,7.077,9.998,0.793,0.272
Costa Rica,2023,7.384,10.021,0.806,0.282
Croatia,2007,5.821,10.174,0.550,0.337
Croatia,2009,5.433,10.120,0.557,0.272
Croatia,2010,5.596,10.110,0.554,0.259
Croatia,2011,5.385,10.113,0.552,0.273
Croatia,2012,6.028,10.092,0.572,0.271
Croatia,2013,5.885,10.091,0.554,0.285
Croatia,2014,5.381,10.091,0.545,0.286
Croatia,2015,5.205,10.124,0.570,0.294
Croatia,2016,5.417,10.166,0.569,0.337
Croatia,2017,5.343,10.211,0.618,0.316
Croatia,2018,5.536,10.248,0.512,0.290
Croatia,2019,5.626,10.287,0.504,0.269
Croatia,2020,6.508,10.202,0.681,0.286
Croatia,2021,6.287,10.367,0.640,0.274
Croatia,2022,5.579,10.435,0.573,0.267
Croatia,2023,5.958,10.462,0.610,0.230
Cuba,2006,5.418,,0.596,0.277
Cyprus,2006,6.238,10.567,0.704,0.253
Cyprus,2009,6.833,10.559,0.668,0.329
Cyprus,2010,6.387,10.556,0.699,0.296
Cyprus,2011,6.690,10.534,0.682,0.272
Cyprus,2012,6.181,10.484,0.687,0.369
Cyprus,2013,5.439,10.418,0.657,0.420
Cyprus,2014,5.627,10.411,0.661,0.397
Cyprus,2015,5.439,10.451,0.660,0.383
Cyprus,2016,5.795,10.510,0.631,0.336
Cyprus,2017,6.062,10.556,0.670,0.301
Cyprus,2018,6.276,10.599,0.663,0.298
Cyprus,2019,6.137,10.639,0.663,0.290
Cyprus,2020,6.260,10.583,0.671,0.284
Cyprus,2021,6.269,10.638,0.641,0.275
Cyprus,2022,5.865,10.683,0.659,0.297
Cyprus,2023,6.071,,0.682,0.297
Czechia,2005,6.439,10.322,0.639,0.258
Czechia,2007,6.500,10.433,0.660,0.277
Czechia,2010,6.250,10.419,0.648,0.244
Czechia,2011,6.331,10.434,0.623,0.253
Czechia,2012,6.334,10.425,0.635,0.257
Czechia,2013,6.698,10.424,0.656,0.253
Czechia,2014,6.484,10.445,0.638,0.235
Czechia,2015,6.608,10.496,0.689,0.206
Czechia,2016,6.736,10.519,0.710,0.201
Czechia,2017,6.790,10.567,0.672,0.227
Czechia,2018,7.034,10.595,0.674,0.178
Czechia,2020,6.897,10.562,0.748,0.290
Czechia,2021,6.942,10.615,0.716,0.240
Czechia,2022,6.695,10.637,0.743,0.246
Czechia,2023,6.827,10.639,0.750,0.254
Denmark,2005,8.019,10.849,0.777,0.154
Denmark,2007,7.834,10.889,0.778,0.194
Denmark,2008,7.971,10.878,0.759,0.163
Denmark,2009,7.683,10.822,0.782,0.234
Denmark,2010,7.771,10.836,0.796,0.155
Denmark,2011,7.788,10.845,0.778,0.175
Denmark,2012,7.520,10.844,0.783,0.209
Denmark,2013,7.589,10.849,0.826,0.195
Denmark,2014,7.508,10.860,0.780,0.233
Denmark,2015,7.514,10.876,0.801,0.218
Denmark,2016,7.558,10.900,0.786,0.208
Denmark,2017,7.594,10.922,0.779,0.206
Denmark,2018,7.649,10.936,0.773,0.206
Denmark,2019,7.693,10.948,0.797,0.181
Denmark,2020,7.515,10.924,0.753,0.227
Denmark,2021,7.699,10.968,0.792,0.206
Denmark,2022,7.545,10.997,0.787,0.205
Denmark,2023,7.504,10.996,0.757,0.229
Djibouti,2008,5.009,8.115,0.740,0.120
Djibouti,2009,4.906,8.014,0.630,0.232
Djibouti,2010,5.006,7.934,,
Djibouti,2011,4.369,8.150,0.543,0.181
Dominican Republic,2006,5.088,9.306,0.733,0.274
Dominican Republic,2007,5.081,9.365,0.723,0.260
Dominican Republic,2008,4.842,9.384,0.654,0.329
Dominican Republic,2009,5.432,9.381,0.709,0.280
Dominican Republic,2010,4.735,9.448,0.707,0.282
Dominican Republic,2011,5.397,9.465,0.738,0.300
Dominican Republic,2012,4.753,9.479,0.725,0.297
Dominican Republic,2013,5.016,9.515,0.766,0.295
Dominican Republic,2014,5.387,9.570,0.772,0.300
Dominican Republic,2015,5.062,9.625,0.695,0.295
Dominican Republic,2016,5.239,9.678,0.725,0.278
Dominican Republic,2017,5.605,9.713,0.710,0.275
Dominican Republic,2018,5.433,9.769,0.719,0.291
Dominican Republic,2019,6.004,9.808,0.747,0.264
Dominican Republic,2020,5.168,9.727,0.724,0.314
Dominican Republic,2021,6.031,9.832,0.734,0.275
Dominican Republic,2022,5.518,9.870,0.723,0.306
Dominican Republic,2023,5.921,9.900,0.730,0.256
Ecuador,2006,5.024,9.189,0.785,0.357
Ecuador,2007,4.996,9.194,0.803,0.286
Ecuador,2008,5.297,9.238,0.811,0.283
Ecuador,2009,6.022,9.227,0.796,0.256
Ecuador,2010,5.838,9.245,0.771,0.220
Ecuador,2011,5.795,9.305,0.806,0.271
Ecuador,2012,5.961,9.343,0.767,0.333
Ecuador,2013,6.019,9.376,0.824,0.267
Ecuador,2014,5.946,9.399,0.841,0.306
Ecuador,2015,5.964,9.385,0.816,0.323
Ecuador,2016,6.115,9.358,0.807,0.365
Ecuador,2017,5.840,9.366,0.793,0.314
Ecuador,2018,6.128,9.359,0.817,0.328
Ecuador,2019,5.809,9.341,0.750,0.374
Ecuador,2020,5.354,9.245,0.755,0.416
Ecuador,2021,5.435,9.275,0.742,0.403
Ecuador,2022,5.887,9.293,0.777,0.356
Ecuador,2023,5.852,9.307,0.763,0.359
Egypt,2005,5.168,9.042,0.689,0.346
Egypt,2007,5.541,9.138,0.600,0.355
Egypt,2008,4.632,9.187,0.627,0.301
Egypt,2009,5.066,9.213,0.549,0.339
Egypt,2010,4.669,9.243,0.491,0.276
Egypt,2011,4.174,9.239,0.456,0.353
Egypt,2012,4.204,9.238,0.458,0.398
Egypt,2013,3.559,9.236,0.487,0.483
Egypt,2014,4.885,9.242,0.477,0.327
Egypt,2015,4.763,9.262,0.554,0.344
Egypt,2016,4.557,9.284,0.538,0.370
Egypt,2017,3.929,9.305,0.458,0.414
Egypt,2018,4.005,9.338,0.407,0.285
Egypt,2019,4.328,9.374,0.420,0.313
Egypt,2020,4.472,9.392,0.543,0.442
Egypt,2021,4.026,9.408,0.387,0.325
Egypt,2022,4.024,9.456,0.486,0.307
Egypt,2023,3.881,9.480,0.436,0.352
El Salvador,2006,5.701,8.885,0.813,0.233
El Salvador,2007,5.296,8.902,0.833,0.220
El Salvador,2008,5.191,8.919,0.827,0.232
El Salvador,2009,6.839,8.894,0.841,0.243
El Salvador,2010,6.740,8.911,0.823,0.302
El Salvador,2011,4.741,8.945,0.830,0.336
El Salvador,2012,5.934,8.968,0.784,0.365
El Salvador,2013,6.325,8.987,0.801,0.317
El Salvador,2014,5.857,9.000,0.801,0.330
El Salvador,2015,6.018,9.020,0.816,0.333
El Salvador,2016,6.140,9.042,0.742,0.346
El Salvador,2017,6.339,9.062,0.800,0.268
El Salvador,2018,6.241,9.084,0.817,0.270
El Salvador,2019,6.455,9.108,0.826,0.271
El Salvador,2020,5.462,9.023,0.811,0.329
El Salvador,2021,6.431,9.126,0.826,0.290
El Salvador,2022,6.492,9.148,0.823,0.296
El Salvador,2023,6.482,9.167,0.812,0.318
Estonia,2006,5.371,10.269,0.589,0.215
Estonia,2007,5.332,10.346,0.589,0.176
Estonia,2008,5.452,10.296,0.595,0.218
Estonia,2009,5.138,10.140,0.591,0.243
Estonia,2011,5.487,10.240,0.641,0.205
Estonia,2012,5.364,10.275,0.627,0.199
Estonia,2013,5.367,10.293,0.651,0.199
Estonia,2014,5.556,10.325,0.620,0.203
Estonia,2015,5.629,10.343,0.649,0.183
Estonia,2016,5.650,10.374,0.657,0.177
Estonia,2017,5.938,10.429,0.740,0.160
Estonia,2018,6.091,10.463,0.730,0.163
Estonia,2019,6.035,10.496,0.738,0.156
Estonia,2020,6.453,10.488,0.762,0.188
Estonia,2021,6.554,10.564,0.761,0.176
Estonia,2022,6.357,10.541,0.767,0.187
Estonia,2023,6.430,10.517,0.765,0.182
Eswatini,2011,4.867,8.902,0.756,0.251
Eswatini,2018,4.212,9.029,0.739,0.252
Eswatini,2019,4.396,9.048,0.726,0.280
Eswatini,2022,3.502,9.119,0.661,0.394
Ethiopia,2012,4.561,7.252,0.556,0.137
Ethiopia,2013,4.445,7.325,0.570,0.213
Ethiopia,2014,4.507,7.396,0.644,0.303
Ethiopia,2015,4.573,7.468,0.623,0.237
Ethiopia,2016,4.298,7.531,0.627,0.254
Ethiopia,2017,4.180,7.595,0.514,0.304
Ethiopia,2018,4.379,7.634,0.562,0.272
Ethiopia,2019,4.100,7.688,0.519,0.283
Ethiopia,2020,4.549,7.720,0.615,0.252
Ethiopia,2022,3.628,7.775,0.560,0.335
Ethiopia,2023,4.093,7.809,0.538,0.299
Finland,2006,7.672,10.745,0.683,0.172
Finland,2008,7.671,10.796,0.691,0.144
Finland,2010,7.393,10.734,0.758,0.202
Finland,2011,7.354,10.754,0.709,0.205
Finland,2012,7.420,10.735,0.742,0.202
Finland,2013,7.445,10.722,0.752,0.195
Finland,2014,7.385,10.714,0.766,0.199
Finland,2015,7.448,10.716,0.736,0.191
Finland,2016,7.660,10.741,0.769,0.182
Finland,2017,7.788,10.770,0.756,0.176
Finland,2018,7.858,10.780,0.749,0.182
Finland,2019,7.780,10.791,0.732,0.181
Finland,2020,7.889,10.766,0.748,0.193
Finland,2021,7.794,10.794,0.752,0.175
Finland,2022,7.729,10.811,0.741,0.191
Finland,2023,7.699,10.808,0.717,0.173
France,2005,7.093,10.637,0.681,0.225
France,2006,6.583,10.654,0.694,0.289
France,2008,7.008,10.669,0.702,0.281
France,2009,6.283,10.635,0.691,0.303
France,2010,6.798,10.649,0.729,0.261
France,2011,6.959,10.666,0.718,0.281
France,2012,6.649,10.664,0.705,0.253
France,2013,6.667,10.665,0.741,0.205
France,2014,6.467,10.669,0.759,0.216
France,2015,6.358,10.677,0.740,0.215
France,2016,6.475,10.685,0.715,0.270
France,2017,6.635,10.705,0.716,0.242
France,2018,6.666,10.720,0.705,0.282
France,2019,6.690,10.735,0.693,0.250
France,2020,6.714,10.651,0.690,0.231
France,2021,6.656,10.714,0.685,0.268
France,2022,6.614,10.737,0.688,0.249
France,2023,6.557,10.742,0.676,0.228
Gabon,2011,4.255,9.557,0.564,0.264
Gabon,2012,3.972,9.573,0.504,0.266
Gabon,2013,3.800,9.593,0.519,0.287
Gabon,2014,3.918,9.601,0.533,0.293
Gabon,2015,4.661,9.609,0.600,0.372
Gabon,2016,4.832,9.601,0.625,0.432
Gabon,2017,4.782,9.580,0.638,0.446
Gabon,2018,4.783,9.565,0.614,0.418
Gabon,2019,4.914,9.580,0.638,0.413
Gabon,2020,4.887,9.540,0.568,0.416
Gabon,2021,5.075,9.533,0.620,0.362
Gabon,2022,5.140,9.543,0.661,0.414
Gabon,2023,5.104,9.554,0.620,0.424
Gambia,2017,4.118,7.564,0.770,0.277
Gambia,2018,4.922,7.607,0.759,0.379
Gambia,2019,5.164,7.642,0.718,0.401
Gambia,2022,4.279,7.662,0.722,0.438
Gambia,2023,4.691,7.686,0.719,0.291
Georgia,2006,3.675,8.993,0.353,0.269
Georgia,2007,3.707,9.117,0.351,0.236
Georgia,2008,4.156,9.144,0.371,0.262
Georgia,2009,3.801,9.116,0.391,0.242
Georgia,2010,4.102,9.184,0.402,0.243
Georgia,2011,4.203,9.263,0.421,0.247
Georgia,2012,4.254,9.332,0.443,0.250
Georgia,2013,4.349,9.371,0.467,0.200
Georgia,2014,4.288,9.414,0.458,0.204
Georgia,2015,4.122,9.442,0.448,0.233
Georgia,2016,4.448,9.470,0.475,0.223
Georgia,2017,4.451,9.517,0.496,0.210
Georgia,2018,4.659,9.565,0.479,0.244
Georgia,2019,4.892,9.615,0.503,0.244
Georgia,2020,5.123,9.544,0.573,0.295
Georgia,2021,4.911,9.648,0.510,0.240
Georgia,2022,5.293,9.743,0.503,0.233
Georgia,2023,5.351,9.785,0.542,0.231
Germany,2005,6.620,10.691,0.685,0.197
Germany,2007,6.417,10.760,0.647,0.231
Germany,2008,6.522,10.771,0.672,0.220
Germany,2009,6.641,10.715,0.684,0.206
Germany,2010,6.725,10.758,0.698,0.182
Germany,2011,6.621,10.815,0.686,0.165
Germany,2012,6.702,10.817,0.699,0.170
Germany,2013,6.965,10.819,0.693,0.205
Germany,2014,6.984,10.837,0.739,0.188
Germany,2015,7.037,10.843,0.722,0.203
Germany,2016,6.874,10.857,0.709,0.187
Germany,2017,7.074,10.879,0.707,0.196
Germany,2018,7.118,10.886,0.740,0.243
Germany,2019,7.035,10.894,0.712,0.226
Germany,2020,7.312,10.856,0.698,0.206
Germany,2021,6.755,10.881,0.703,0.251
Germany,2022,6.608,10.889,0.668,0.201
Germany,2023,6.792,10.878,0.706,0.231
Ghana,2006,4.535,8.067,0.637,0.198
Ghana,2007,5.220,8.084,0.658,0.217
Ghana,2008,4.965,8.145,0.674,0.172
Ghana,2009,4.198,8.167,0.714,0.198
Ghana,2010,4.606,8.219,0.693,0.184
Ghana,2011,5.608,8.326,0.658,0.209
Ghana,2012,5.057,8.390,0.709,0.152
Ghana,2013,4.965,8.436,0.660,0.211
Ghana,2014,3.860,8.440,0.682,0.280
Ghana,2015,3.986,8.437,0.675,0.265
Ghana,2016,4.514,8.447,0.659,0.305
Ghana,2017,5.481,8.503,0.715,0.248
Ghana,2018,5.004,8.542,0.716,0.250
Ghana,2019,4.967,8.584,0.645,0.270
Ghana,2020,5.319,8.569,0.675,0.253
Ghana,2021,4.378,8.601,0.588,0.295
Ghana,2022,4.191,8.613,0.620,0.292
Ghana,2023,4.298,8.610,0.638,0.254
Greece,2005,6.006,10.454,0.598,0.264
Greece,2007,6.647,10.535,0.629,0.222
Greece,2009,6.039,10.483,0.614,0.254
Greece,2010,5.840,10.425,0.581,0.292
Greece,2011,5.372,10.320,0.552,0.323
Greece,2012,5.096,10.251,0.544,0.352
Greece,2013,4.720,10.233,0.571,0.482
Greece,2014,4.756,10.245,0.597,0.385
Greece,2015,5.623,10.249,0.637,0.277
Greece,2016,5.303,10.248,0.594,0.336
Greece,2017,5.148,10.261,0.516,0.333
Greece,2018,5.409,10.280,0.564,0.255
Greece,2019,5.952,10.300,0.560,0.236
Greece,2020,5.788,10.207,0.629,0.322
Greece,2021,6.104,10.294,0.624,0.311
Greece,2022,5.900,10.358,0.589,0.183
Greece,2023,5.796,10.387,0.608,0.311
Guatemala,2006,5.901,8.850,0.789,0.287
Guatemala,2007,6.330,8.891,0.790,0.224
Guatemala,2008,6.414,8.905,0.800,0.234
Guatemala,2009,6.452,8.890,0.814,0.240
Guatemala,2010,6.290,8.901,0.805,0.236
Guatemala,2011,5.743,8.923,0.792,0.289
Guatemala,2012,5.856,8.935,0.808,0.349
Guatemala,2013,5.985,8.953,0.822,0.333
Guatemala,2014,6.536,8.980,0.816,0.305
Guatemala,2015,6.465,9.003,0.826,0.311
Guatemala,2016,6.359,9.013,0.815,0.321
Guatemala,2017,6.325,9.027,0.819,0.308
Guatemala,2018,6.627,9.044,0.827,0.262
Guatemala,2019,6.262,9.068,0.820,0.311
Guatemala,2022,6.150,9.123,0.835,0.263
Guatemala,2023,6.421,9.140,0.843,0.303
Guinea,2011,4.045,7.556,0.670,0.260
Guinea,2012,3.652,7.589,0.657,0.285
Guinea,2013,3.902,7.604,0.606,0.348
Guinea,2014,3.412,7.615,0.643,0.351
Guinea,2015,3.505,7.627,0.658,0.268
Guinea,2016,3.603,7.704,0.676,0.374
Guinea,2017,4.874,7.776,0.702,0.422
Guinea,2018,5.252,7.813,0.727,0.440
Guinea,2019,4.768,7.842,0.670,0.473
Guinea,2020,4.972,7.865,0.706,0.346
Guinea,2021,4.945,7.879,0.672,0.450
Guinea,2022,5.317,7.901,0.699,0.492
Guinea,2023,4.827,7.932,0.652,0.516
Guyana,2007,5.993,9.089,0.761,0.296
Haiti,2006,3.754,7.976,0.583,0.332
Haiti,2008,3.846,8.016,0.573,0.256
Haiti,2010,3.766,7.987,0.495,0.293
Haiti,2011,4.845,8.026,0.550,0.245
Haiti,2012,4.413,8.015,0.557,0.284
Haiti,2013,4.622,8.043,0.528,0.327
Haiti,2014,3.889,8.057,0.573,0.327
Haiti,2015,3.570,8.056,0.598,0.333
Haiti,2016,3.352,8.060,0.532,0.367
Haiti,2017,3.824,8.071,0.570,0.322
Haiti,2018,3.615,8.074,0.581,0.359
Honduras,2006,5.397,8.448,0.837,0.155
Honduras,2007,5.097,8.485,0.712,0.199
Honduras,2008,5.420,8.504,0.719,0.206
Honduras,2009,6.033,8.458,0.745,0.261
Honduras,2010,5.866,8.474,0.745,0.260
Honduras,2011,4.961,8.492,0.757,0.307
Honduras,2012,4.602,8.513,0.796,0.294
Honduras,2013,4.713,8.521,0.795,0.283
Honduras,2014,5.056,8.533,0.794,0.299
Honduras,2015,4.845,8.553,0.829,0.311
Honduras,2016,5.648,8.573,0.790,0.297
Honduras,2017,6.020,8.603,0.796,0.248
Honduras,2018,5.908,8.624,0.822,0.287
Honduras,2019,5.930,8.633,0.789,0.279
Honduras,2021,6.114,8.626,0.808,0.269
Honduras,2022,5.932,8.650,0.775,0.289
Honduras,2023,5.861,8.670,0.767,0.285
Hong Kong S.A.R. of China,2006,5.511,10.746,0.591,0.236
Hong Kong S.A.R. of China,2008,5.137,10.816,0.575,0.237
Hong Kong S.A.R. of China,2009,5.397,10.788,0.606,0.210
Hong Kong S.A.R. of China,2010,5.643,10.847,0.601,0.183
Hong Kong S.A.R. of China,2011,5.474,10.887,0.582,0.196
Hong Kong S.A.R. of China,2012,5.484,10.893,0.580,0.183
Hong Kong S.A.R. of China,2014,5.458,10.939,0.602,0.243
Hong Kong S.A.R. of China,2016,5.498,10.970,0.569,0.213
Hong Kong S.A.R. of China,2017,5.362,10.999,0.536,0.201
Hong Kong S.A.R. of China,2019,5.659,10.995,0.519,0.358
Hong Kong S.A.R. of China,2020,5.295,10.931,0.522,0.210
Hong Kong S.A.R. of China,2021,5.322,11.003,0.534,0.224
Hong Kong S.A.R. of China,2022,5.311,10.976,0.549,0.204
Hungary,2005,5.194,10.103,0.578,0.290
Hungary,2007,4.954,10.147,0.600,0.230
Hungary,2009,4.895,10.092,0.575,0.228
Hungary,2010,4.725,10.105,0.574,0.235
Hungary,2011,4.918,10.127,0.586,0.305
Hungary,2012,4.683,10.119,0.582,0.315
Hungary,2013,4.914,10.140,0.647,0.307
Hungary,2014,5.181,10.184,0.578,0.238
Hungary,2015,5.344,10.223,0.650,0.245
Hungary,2016,5.449,10.248,0.590,0.243
Hungary,2017,6.065,10.292,0.644,0.181
Hungary,2018,5.936,10.346,0.595,0.201
Hungary,2019,6.000,10.393,0.653,0.180
Hungary,2020,6.038,10.349,0.662,0.240
Hungary,2021,6.227,10.423,0.668,0.192
Hungary,2022,5.861,10.470,0.628,0.250
Hungary,2023,5.965,10.473,0.673,0.189
Iceland,2008,6.888,10.878,0.851,0.153
Iceland,2012,7.591,10.788,0.817,0.157
Iceland,2013,7.501,10.823,0.802,0.156
Iceland,2015,7.498,10.862,0.794,0.180
Iceland,2016,7.510,10.909,0.808,0.158
Iceland,2017,7.476,10.927,0.823,0.148
Iceland,2019,7.533,10.943,0.787,0.178
Iceland,2020,7.575,10.852,0.808,0.172
Iceland,2021,7.565,10.878,0.806,0.159
Iceland,2022,7.449,10.916,0.768,0.178
Iceland,2023,7.562,10.934,0.793,0.185
India,2006,5.348,8.141,0.576,0.199
India,2007,5.027,8.200,0.541,0.253
India,2008,5.146,8.216,0.573,0.259
India,2009,4.522,8.278,0.639,0.301
India,2010,4.989,8.346,0.579,0.267
India,2011,4.635,8.383,0.480,0.232
India,2012,4.720,8.423,0.544,0.295
India,2013,4.428,8.472,0.608,0.330
India,2014,4.424,8.531,0.651,0.285
India,2015,4.342,8.596,0.657,0.322
India,2016,4.179,8.664,0.646,0.346
India,2017,4.046,8.718,0.579,0.318
India,2018,3.818,8.770,0.591,0.357
India,2019,3.249,8.797,0.560,0.466
India,2020,4.224,8.728,0.686,0.383
India,2021,3.558,8.806,0.547,0.429
India,2022,3.930,8.867,0.596,0.432
India,2023,4.676,8.919,0.699,0.389
Indonesia,2006,4.947,8.839,0.715,0.266
Indonesia,2007,5.101,8.888,0.696,0.242
Indonesia,2008,4.815,8.933,0.675,0.239
Indonesia,2009,5.472,8.966,0.768,0.193
Indonesia,2010,5.457,9.013,0.717,0.218
Indonesia,2011,5.173,9.061,0.748,0.273
Indonesia,2012,5.368,9.107,0.764,0.229
Indonesia,2013,5.292,9.149,0.777,0.249
Indonesia,2014,5.597,9.186,0.757,0.242
Indonesia,2015,5.043,9.222,0.796,0.274
Indonesia,2016,5.136,9.261,0.748,0.342
Indonesia,2017,5.098,9.300,0.781,0.319
Indonesia,2018,5.340,9.341,0.796,0.296
Indonesia,2019,5.347,9.381,0.800,0.302
Indonesia,2020,4.828,9.351,0.742,0.351
Indonesia,2021,5.433,9.381,0.799,0.273
Indonesia,2022,5.585,9.426,0.818,0.269
Indonesia,2023,5.695,9.466,0.814,0.289
Iran,2005,5.308,9.498,0.515,0.456
Iran,2007,5.336,9.595,0.553,0.361
Iran,2008,5.129,9.584,0.541,0.345
Iran,2011,4.768,9.636,0.513,0.359
Iran,2012,4.609,9.585,0.529,0.525
Iran,2013,5.140,9.555,0.575,0.552
Iran,2014,4.682,9.585,0.550,0.512
Iran,2015,4.750,9.548,0.548,0.520
Iran,2016,4.653,9.614,0.592,0.526
Iran,2017,4.717,9.627,0.590,0.439
Iran,2018,4.278,9.591,0.482,0.493
Iran,2019,5.006,9.553,0.525,0.449
Iran,2020,4.865,9.577,0.505,0.470
Iran,2021,4.788,9.616,0.518,0.427
Iran,2022,4.977,9.636,0.521,0.466
Iran,2023,5.004,9.651,0.533,0.425
Iraq,2008,4.590,8.982,0.532,0.448
Iraq,2009,4.775,8.979,0.504,0.404
Iraq,2010,5.065,9.009,0.497,0.431
Iraq,2011,4.725,9.047,0.473,0.557
Iraq,2012,4.660,9.133,0.410,0.449
Iraq,2013,4.725,9.159,,0.554
Iraq,2014,4.542,9.126,0.539,0.564
Iraq,2015,4.493,9.145,0.478,0.581
Iraq,2016,4.413,9.250,0.471,0.570
Iraq,2017,4.462,9.208,0.487,0.591
Iraq,2018,4.886,9.210,0.552,0.482
Iraq,2020,4.785,9.088,0.585,0.532
Iraq,2021,5.094,9.081,0.577,0.474
Iraq,2022,4.928,9.127,0.565,0.499
Iraq,2023,5.475,9.093,0.587,0.469
Ireland,2006,7.144,10.985,0.815,0.209
Ireland,2008,7.568,10.941,0.745,0.148
Ireland,2009,7.046,10.879,0.745,0.233
Ireland,2010,7.257,10.890,0.763,0.201
Ireland,2011,7.007,10.894,0.786,0.190
Ireland,2012,6.965,10.890,0.721,0.237
Ireland,2013,6.760,10.896,0.744,0.245
Ireland,2014,7.018,10.971,0.736,0.229
Ireland,2015,6.830,11.180,0.748,0.225
Ireland,2016,7.041,11.189,0.744,0.211
Ireland,2017,7.060,11.264,0.771,0.213
Ireland,2018,6.962,11.334,0.754,0.213
Ireland,2019,7.255,11.373,0.758,0.223
Ireland,2020,7.035,11.423,0.753,0.246
Ireland,2021,6.828,11.540,0.733,0.245
Ireland,2022,6.870,11.643,0.738,0.234
Ireland,2023,6.817,11.676,0.742,0.245
Israel,2006,7.173,10.368,0.639,0.308
Israel,2007,6.841,10.408,0.642,0.320
Israel,2008,7.261,10.423,0.635,0.349
Israel,2009,7.353,10.408,0.620,0.327
Israel,2010,7.359,10.444,0.628,0.362
Israel,2011,7.433,10.480,0.654,0.384
Israel,2012,7.111,10.487,0.611,0.319
Israel,2013,7.321,10.512,0.649,0.409
Israel,2014,7.401,10.531,0.567,0.271
Israel,2015,7.079,10.536,0.652,0.256
Israel,2016,7.159,10.560,0.602,0.263
Israel,2017,7.331,10.583,0.621,0.276
Israel,2018,6.927,10.603,0.612,0.282
Israel,2019,7.332,10.625,0.598,0.266
Israel,2020,7.195,10.589,0.564,0.243
Israel,2021,7.578,10.655,0.558,0.217
Israel,2022,7.662,10.698,0.583,0.183
Israel,2023,6.783,10.707,0.484,0.516
Italy,2005,6.854,10.698,0.606,0.295
Italy,2007,6.574,10.722,0.650,0.303
Italy,2008,6.780,10.706,0.588,0.268
Italy,2009,6.334,10.647,0.715,0.279
Italy,2010,6.354,10.661,0.535,0.236
Italy,2011,6.057,10.666,0.610,0.266
Italy,2012,5.839,10.633,0.651,0.388
Italy,2013,6.009,10.603,0.702,0.357
Italy,2014,6.027,10.594,0.659,0.356
Italy,2015,5.848,10.603,0.646,0.329
Italy,2016,5.955,10.617,0.632,0.339
Italy,2017,6.199,10.635,0.613,0.323
Italy,2018,6.517,10.647,0.598,0.403
Italy,2019,6.445,10.663,0.569,0.328
Italy,2020,6.488,10.574,0.614,0.311
Italy,2021,6.467,10.647,0.634,0.318
Italy,2022,6.258,10.687,0.624,0.298
Italy,2023,6.245,10.703,0.636,0.293
Ivory Coast,2009,4.197,8.181,0.555,0.186
Ivory Coast,2013,3.739,8.285,0.661,0.306
Ivory Coast,2014,3.570,8.351,0.603,0.291
Ivory Coast,2015,4.445,8.395,0.614,0.347
Ivory Coast,2016,4.543,8.438,0.693,0.378
Ivory Coast,2017,5.038,8.484,0.662,0.357
Ivory Coast,2018,5.268,8.505,0.659,0.386
Ivory Coast,2019,5.392,8.543,0.663,0.425
Ivory Coast,2020,5.257,8.535,0.655,0.340
Ivory Coast,2021,5.056,8.579,0.626,0.345
Ivory Coast,2022,4.849,8.619,0.629,0.399
Ivory Coast,2023,5.337,8.656,0.670,0.307
Jamaica,2006,6.208,9.249,0.753,0.201
Jamaica,2011,5.374,9.193,0.764,0.237
Jamaica,2013,5.709,9.182,0.694,0.312
Jamaica,2014,5.311,9.185,0.708,0.310
Jamaica,2017,5.890,9.209,0.700,0.243
Jamaica,2019,6.309,9.234,0.722,0.195
Jamaica,2020,5.425,9.128,0.712,0.266
Jamaica,2021,5.814,9.170,0.689,0.308
Jamaica,2022,5.870,9.212,0.718,0.269
Japan,2005,6.516,10.552,0.686,0.153
Japan,2007,6.238,10.578,0.683,0.207
Japan,2008,5.911,10.566,0.705,0.191
Japan,2009,5.845,10.507,0.713,0.169
Japan,2010,6.057,10.547,0.779,0.188
Japan,2011,6.263,10.549,0.714,0.181
Japan,2012,5.968,10.565,0.708,0.171
Japan,2013,5.959,10.586,0.719,0.175
Japan,2014,5.923,10.590,0.687,0.189
Japan,2015,5.880,10.607,0.702,0.176
Japan,2016,5.955,10.615,0.690,0.192
Japan,2017,5.911,10.632,0.692,0.176
Japan,2018,5.794,10.640,0.649,0.185
Japan,2019,5.908,10.637,0.693,0.194
Japan,2020,6.118,10.596,0.681,0.186
Japan,2021,6.091,10.622,0.674,0.189
Japan,2022,6.178,10.637,0.670,0.165
Japan,2023,5.910,10.654,0.638,0.178
Jordan,2005,6.295,9.283,0.630,0.240
Jordan,2007,5.598,9.308,,0.240
Jordan,2008,4.930,9.354,0.656,0.331
Jordan,2009,6.000,9.381,0.587,0.265
Jordan,2010,5.570,9.382,0.564,0.343
Jordan,2011,5.539,9.383,0.551,0.260
Jordan,2012,5.132,9.393,0.469,0.345
Jordan,2013,5.172,9.354,0.597,0.286
Jordan,2014,5.333,9.269,0.602,0.313
Jordan,2015,5.405,9.202,0.617,0.305
Jordan,2016,5.271,9.173,0.598,0.312
Jordan,2017,4.808,9.173,0.554,0.392
Jordan,2018,4.639,9.168,,
Jordan,2019,4.453,9.163,,
Jordan,2020,4.094,9.125,,
Jordan,2021,3.909,9.127,0.480,0.429
Jordan,2022,4.356,9.140,0.521,0.435
Jordan,2023,4.292,9.151,0.518,0.442
Kazakhstan,2006,5.476,9.804,0.602,0.185
Kazakhstan,2007,5.719,9.878,0.557,0.179
Kazakhstan,2008,5.886,9.892,0.613,0.160
Kazakhstan,2009,5.383,9.884,0.595,0.129
Kazakhstan,2010,5.514,9.940,0.655,0.149
Kazakhstan,2011,5.736,9.997,0.622,0.154
Kazakhstan,2012,5.759,10.030,0.667,0.184
Kazakhstan,2013,5.835,10.074,0.629,0.164
Kazakhstan,2014,5.970,10.101,0.671,0.169
Kazakhstan,2015,5.950,10.098,0.682,0.174
Kazakhstan,2016,5.534,10.095,0.641,0.155
Kazakhstan,2017,5.882,10.121,0.698,0.171
Kazakhstan,2018,6.008,10.148,0.611,0.162
Kazakhstan,2019,6.272,10.179,0.711,0.139
Kazakhstan,2020,6.168,10.141,0.620,0.150
Kazakhstan,2021,6.260,10.170,0.663,0.122
Kazakhstan,2022,6.006,10.169,0.652,0.132
Kazakhstan,2023,6.299,10.172,0.626,0.114
Kenya,2006,4.223,8.164,0.657,0.198
Kenya,2007,4.576,8.201,0.698,0.162
Kenya,2008,4.015,8.173,0.733,0.149
Kenya,2009,4.270,8.176,0.679,0.183
Kenya,2010,4.256,8.226,0.758,0.123
Kenya,2011,4.405,8.249,0.706,0.228
Kenya,2012,4.547,8.269,0.667,0.194
Kenya,2013,3.795,8.282,0.729,0.161
Kenya,2014,4.905,8.308,0.779,0.221
Kenya,2015,4.358,8.334,0.673,0.172
Kenya,2016,4.396,8.353,0.730,0.226
Kenya,2017,4.476,8.369,0.754,0.230
Kenya,2018,4.656,8.404,0.747,0.237
Kenya,2019,4.619,8.434,0.728,0.251
Kenya,2020,4.547,8.411,0.738,0.297
Kenya,2021,4.465,8.465,0.745,0.253
Kenya,2022,4.448,8.493,0.725,0.281
Kenya,2023,4.496,8.523,0.756,0.245
Kosovo,2007,5.104,,0.614,0.237
Kosovo,2008,5.522,8.858,0.500,0.318
Kosovo,2009,5.891,8.899,0.528,0.169
Kosovo,2010,5.177,8.940,0.673,0.118
Kosovo,2011,4.860,8.992,0.604,0.124
Kosovo,2012,5.640,9.000,0.562,0.100
Kosovo,2013,6.126,9.046,0.650,0.203
Kosovo,2014,5.000,9.082,0.552,0.206
Kosovo,2015,5.077,9.153,0.685,0.180
Kosovo,2016,5.759,9.213,0.588,0.150
Kosovo,2017,6.149,9.253,0.617,0.186
Kosovo,2018,6.392,9.283,0.642,0.170
Kosovo,2019,6.425,9.334,0.612,0.141
Kosovo,2020,6.294,9.279,0.593,0.201
Kosovo,2021,6.648,9.383,0.578,0.116
Kosovo,2022,6.160,9.431,0.549,0.142
Kosovo,2023,6.878,9.480,0.682,0.140
Kuwait,2006,6.076,11.233,0.788,0.182
Kuwait,2009,6.585,11.074,0.694,0.252
Kuwait,2010,6.798,10.998,0.687,0.203
Kuwait,2011,6.378,11.024,0.726,0.177
Kuwait,2012,6.221,11.012,0.794,0.095
Kuwait,2013,6.480,10.952,0.686,0.283
Kuwait,2014,6.180,10.926,,
Kuwait,2015,6.146,10.893,0.678,0.324
Kuwait,2016,5.947,10.887,0.643,0.315
Kuwait,2017,6.094,10.820,0.649,0.307
Kuwait,2019,6.106,10.765,0.643,0.303
Kuwait,2022,6.758,10.803,0.738,0.156
Kuwait,2023,7.130,10.812,0.729,0.207
Kyrgyzstan,2006,4.641,8.185,0.555,0.159
Kyrgyzstan,2007,4.698,8.258,0.590,0.130
Kyrgyzstan,2008,4.737,8.329,0.594,0.147
Kyrgyzstan,2009,5.069,8.345,0.554,0.165
Kyrgyzstan,2010,4.996,8.329,0.516,0.123
Kyrgyzstan,2011,4.921,8.374,0.579,0.151
Kyrgyzstan,2012,5.208,8.357,0.580,0.182
Kyrgyzstan,2013,5.402,8.441,0.595,0.135
Kyrgyzstan,2014,5.252,8.460,0.617,0.185
Kyrgyzstan,2015,4.905,8.477,0.658,0.173
Kyrgyzstan,2016,4.857,8.500,0.668,0.126
Kyrgyzstan,2017,5.630,8.526,0.640,0.160
Kyrgyzstan,2018,5.297,8.543,0.617,0.203
Kyrgyzstan,2019,5.685,8.568,0.625,0.207
Kyrgyzstan,2020,6.250,8.461,0.672,0.258
Kyrgyzstan,2021,5.564,8.504,0.660,0.226
Kyrgyzstan,2022,5.668,8.555,0.646,0.204
Kyrgyzstan,2023,5.910,8.573,0.681,0.165
Laos,2006,5.076,8.234,0.790,0.163
Laos,2007,5.364,8.291,0.752,0.136
Laos,2008,5.044,8.351,0.728,0.202
Laos,2011,4.704,8.538,0.746,0.225
Laos,2012,4.876,8.601,0.741,0.387
Laos,2017,4.623,8.883,0.712,0.344
Laos,2018,4.859,8.929,0.711,0.332
Laos,2019,5.197,8.967,0.718,0.306
Laos,2020,5.284,8.957,0.714,0.358
Laos,2021,4.927,8.968,0.702,0.292
Laos,2022,4.962,8.981,0.675,0.334
Laos,2023,5.486,9.005,0.679,0.335
Latvia,2006,4.710,10.042,0.590,0.234
Latvia,2007,4.667,10.145,0.594,0.247
Latvia,2008,5.145,10.123,0.633,0.215
Latvia,2009,4.669,9.985,0.537,0.242
Latvia,2011,4.967,10.004,0.563,0.222
Latvia,2012,5.125,10.085,0.588,0.232
Latvia,2013,5.070,10.115,0.605,0.227
Latvia,2014,5.729,10.143,0.605,0.226
Latvia,2015,5.881,10.190,0.559,0.228
Latvia,2016,5.940,10.222,0.583,0.231
Latvia,2017,5.978,10.264,0.565,0.232
Latvia,2018,5.901,10.311,0.521,0.192
Latvia,2019,5.970,10.343,0.537,0.212
Latvia,2020,6.229,10.328,0.674,0.202
Latvia,2021,6.353,10.376,0.716,0.186
Latvia,2022,6.055,10.396,0.632,0.161
Latvia,2023,6.296,10.408,0.671,0.257
Lebanon,2005,5.491,9.571,0.558,0.292
Lebanon,2006,4.653,9.570,0.501,0.320
Lebanon,2008,4.595,9.711,0.475,0.365
Lebanon,2009,5.206,9.796,0.472,0.401
Lebanon,2010,5.032,9.864,0.457,0.341
Lebanon,2011,5.188,9.862,0.506,0.320
Lebanon,2012,4.573,9.862,0.442,0.339
Lebanon,2013,4.983,9.807,0.446,0.409
Lebanon,2014,5.233,9.732,0.525,0.267
Lebanon,2015,5.172,9.717,0.524,0.243
Lebanon,2016,5.271,9.754,0.513,0.263
Lebanon,2017,5.154,9.787,0.469,0.244
Lebanon,2018,5.167,9.795,0.415,0.271
Lebanon,2019,4.024,9.752,0.308,0.494
Lebanon,2020,2.634,9.532,0.352,0.482
Lebanon,2021,2.179,9.472,0.263,0.569
Lebanon,2022,2.352,9.458,0.298,0.430
Lebanon,2023,3.588,9.471,0.373,0.385
Lesotho,2011,4.898,7.785,0.754,0.170
Lesotho,2016,3.808,7.897,0.685,0.270
Lesotho,2017,3.795,7.852,0.706,0.255
Lesotho,2019,3.512,7.805,0.707,0.273
Lesotho,2022,3.186,7.733,0.709,0.288
Liberia,2007,3.701,7.179,0.600,0.435
Liberia,2008,4.221,7.207,0.629,0.261
Liberia,2010,4.196,7.257,0.549,0.217
Liberia,2014,4.571,7.386,0.565,0.443
Liberia,2015,2.702,7.366,0.519,0.388
Liberia,2016,3.355,7.330,0.625,0.509
Liberia,2017,4.424,7.335,0.674,0.391
Liberia,2018,4.135,7.328,0.664,0.436
Liberia,2019,5.121,7.283,0.645,0.389
Liberia,2022,4.042,7.287,0.637,0.439
Liberia,2023,4.494,7.309,0.608,0.428
Libya,2012,5.754,10.380,0.633,0.316
Libya,2015,5.615,9.858,0.652,0.369
Libya,2016,5.434,9.828,0.645,0.383
Libya,2017,5.647,10.095,0.643,0.379
Libya,2018,5.494,10.156,0.635,0.399
Libya,2019,5.330,10.023,0.629,0.401
Libya,2022,5.760,9.893,0.627,0.399
Libya,2023,5.970,,0.585,0.372
Lithuania,2006,5.954,10.042,0.567,0.254
Lithuania,2007,5.808,10.160,0.523,0.279
Lithuania,2008,5.554,10.196,0.501,0.276
Lithuania,2009,5.467,10.046,0.525,0.271
Lithuania,2010,5.066,10.083,0.463,0.272
Lithuania,2011,5.432,10.165,0.556,0.275
Lithuania,2012,5.771,10.216,0.557,0.277
Lithuania,2013,5.596,10.261,0.540,0.294
Lithuania,2014,6.126,10.304,0.565,0.287
Lithuania,2015,5.711,10.334,0.534,0.276
Lithuania,2016,5.866,10.371,0.553,0.250
Lithuania,2017,6.273,10.427,0.590,0.195
Lithuania,2018,6.309,10.476,0.518,0.214
Lithuania,2019,6.064,10.524,0.568,0.276
Lithuania,2020,6.391,10.523,0.626,0.202
Lithuania,2021,6.865,10.579,0.667,0.191
Lithuania,2022,7.038,10.586,0.471,0.132
Lithuania,2023,6.553,10.575,0.493,0.201
Luxembourg,2009,6.958,11.628,0.713,0.238
Luxembourg,2010,7.097,11.647,0.718,0.216
Luxembourg,2011,7.101,11.635,0.744,0.200
Luxembourg,2012,6.964,11.627,0.726,0.227
Luxembourg,2013,7.131,11.636,0.601,0.185
Luxembourg,2014,6.891,11.638,0.760,0.170
Luxembourg,2015,6.702,11.637,0.728,0.193
Luxembourg,2016,6.967,11.664,0.706,0.192
Luxembourg,2017,7.061,11.653,0.726,0.184
Luxembourg,2018,7.243,11.645,0.715,0.202
Luxembourg,2019,7.404,11.649,0.742,0.212
Luxembourg,2022,7.228,11.657,0.718,0.218
Luxembourg,2023,7.016,11.649,0.751,0.194
Madagascar,2006,3.980,7.351,0.563,0.161
Madagascar,2008,4.640,7.413,0.583,0.215
Madagascar,2011,4.381,7.309,0.516,0.235
Madagascar,2012,3.551,7.311,0.588,0.194
Madagascar,2013,3.816,7.307,0.600,0.241
Madagascar,2014,3.676,7.314,0.641,0.192
Madagascar,2015,3.593,7.319,0.674,0.226
Madagascar,2016,3.663,7.332,0.670,0.204
Madagascar,2017,4.079,7.345,0.701,0.375
Madagascar,2018,4.071,7.351,0.723,0.362
Madagascar,2019,4.339,7.369,0.699,0.304
Madagascar,2022,4.019,7.315,0.687,0.345
Madagascar,2023,4.433,7.333,0.718,0.389
Malawi,2006,3.830,7.015,0.609,0.222
Malawi,2007,4.891,7.078,0.691,0.176
Malawi,2009,5.148,7.174,0.694,0.130
Malawi,2011,3.946,7.231,0.620,0.268
Malawi,2012,4.279,7.221,0.717,0.200
Malawi,2013,4.035,7.246,0.699,0.248
Malawi,2014,4.563,7.273,0.653,0.263
Malawi,2015,3.868,7.273,0.602,0.260
Malawi,2016,3.476,7.270,0.584,0.325
Malawi,2017,3.417,7.283,0.592,0.312
Malawi,2018,3.335,7.299,0.548,0.365
Malawi,2019,3.869,7.325,0.517,0.348
Malawi,2021,3.635,7.307,0.551,0.326
Malawi,2022,3.356,7.291,0.536,0.329
Malawi,2023,3.272,7.279,0.520,0.338
Malaysia,2006,6.012,9.827,0.687,0.243
Malaysia,2007,6.239,9.867,0.719,0.162
Malaysia,2008,5.807,9.893,0.728,0.186
Malaysia,2009,5.385,9.858,0.740,0.164
Malaysia,2010,5.580,9.912,0.752,0.192
Malaysia,2011,5.786,9.948,0.785,0.155
Malaysia,2012,5.914,9.985,0.744,0.177
Malaysia,2013,5.770,10.015,0.664,0.317
Malaysia,2014,5.963,10.057,0.711,0.261
Malaysia,2015,6.322,10.092,0.733,0.314
Malaysia,2018,5.339,10.197,0.716,0.200
Malaysia,2019,5.428,10.228,0.735,0.176
Malaysia,2020,6.014,10.159,0.721,0.288
Malaysia,2021,6.010,10.179,0.728,0.183
Malaysia,2022,6.048,10.251,0.767,0.191
Malaysia,2023,5.868,10.283,0.761,0.195
Maldives,2018,5.198,9.893,,
Mali,2006,4.014,7.561,0.748,0.209
Mali,2008,4.115,7.576,0.717,0.164
Mali,2009,3.977,7.591,0.729,0.150
Mali,2010,3.762,7.610,0.764,0.162
Mali,2011,4.667,7.609,0.752,0.132
Mali,2012,4.313,7.572,0.647,0.109
Mali,2013,3.676,7.565,0.717,0.193
Mali,2014,3.975,7.602,0.722,0.186
Mali,2015,4.582,7.631,0.696,0.243
Mali,2016,4.016,7.655,0.738,0.305
Mali,2017,4.742,7.675,0.665,0.393
Mali,2018,4.416,7.690,0.689,0.370
Mali,2019,4.988,7.705,0.646,0.358
Mali,2020,4.269,7.661,0.648,0.440
Mali,2021,4.113,7.659,0.640,0.438
Mali,2022,4.211,7.665,0.655,0.408
Mali,2023,4.370,7.673,0.660,0.324
Malta,2009,6.328,10.353,0.626,0.358
Malta,2010,5.774,10.402,0.624,0.375
Malta,2011,6.155,10.402,0.638,0.340
Malta,2012,5.963,10.433,0.639,0.391
Malta,2013,6.380,10.473,0.629,0.370
Malta,2014,6.452,10.526,0.606,0.352
Malta,2015,6.613,10.594,0.641,0.355
Malta,2016,6.591,10.604,0.645,0.355
Malta,2017,6.676,10.681,0.666,0.302
Malta,2018,6.910,10.705,0.666,0.296
Malta,2019,6.733,10.734,0.642,0.356
Malta,2020,6.157,10.622,0.576,0.411
Malta,2021,6.444,10.727,0.635,0.375
Malta,2022,6.299,10.784,0.671,0.370
Malta,2023,6.295,,0.644,0.361
Mauritania,2007,4.149,8.528,0.732,0.174
Mauritania,2008,4.248,8.500,0.747,0.176
Mauritania,2009,4.500,8.474,0.717,0.170
Mauritania,2010,4.772,8.471,0.737,0.129
Mauritania,2011,4.785,8.482,0.729,0.175
Mauritania,2012,4.673,8.494,0.749,0.164
Mauritania,2013,4.199,8.506,0.743,0.196
Mauritania,2014,4.483,8.521,0.743,0.163
Mauritania,2015,3.923,8.547,0.798,0.194
Mauritania,2016,4.472,8.533,0.710,0.222
Mauritania,2017,4.678,8.568,0.631,0.272
Mauritania,2018,4.314,8.588,0.665,0.276
Mauritania,2019,4.153,8.614,0.686,0.260
Mauritania,2022,4.724,8.602,0.631,0.389
Mauritania,2023,4.292,8.620,0.708,0.329
Mauritius,2011,5.477,9.797,0.653,0.253
Mauritius,2014,5.648,9.895,0.741,0.222
Mauritius,2016,5.610,9.968,0.706,0.246
Mauritius,2017,6.174,10.005,0.682,0.169
Mauritius,2018,5.882,10.044,0.710,0.158
Mauritius,2019,6.241,10.072,0.735,0.149
Mauritius,2020,6.015,9.914,0.700,0.138
Mauritius,2021,5.949,9.948,0.666,0.136
Mauritius,2022,5.741,10.034,0.725,0.168
Mauritius,2023,5.759,10.083,0.664,0.160
Mexico,2005,6.581,9.792,0.763,0.219
Mexico,2007,6.525,9.831,0.754,0.248
Mexico,2008,6.829,9.830,0.774,0.201
Mexico,2009,6.963,9.764,0.763,0.196
Mexico,2010,6.802,9.800,0.745,0.215
Mexico,2011,6.910,9.822,0.700,0.228
Mexico,2012,7.320,9.844,0.722,0.278
Mexico,2013,7.443,9.844,0.750,0.223
Mexico,2014,6.680,9.860,0.760,0.229
Mexico,2015,6.236,9.880,0.706,0.237
Mexico,2016,6.824,9.895,0.802,0.220
Mexico,2017,6.410,9.905,0.775,0.231
Mexico,2018,6.550,9.917,0.815,0.213
Mexico,2019,6.432,9.907,0.803,0.252
Mexico,2020,5.964,9.816,0.745,0.292
Mexico,2021,5.991,9.857,0.750,0.305
Mexico,2022,7.038,9.881,0.818,0.205
Mexico,2023,7.006,9.900,0.809,0.233
Moldova,2006,5.102,8.922,0.553,0.255
Moldova,2007,4.775,8.954,0.519,0.306
Moldova,2008,5.503,9.031,0.565,0.284
Moldova,2009,5.554,8.970,0.539,0.306
Moldova,2010,5.590,9.040,0.564,0.278
Moldova,2011,5.792,9.097,0.553,0.285
Moldova,2012,5.996,9.091,0.564,0.314
Moldova,2013,5.756,9.178,0.548,0.261
Moldova,2014,5.917,9.227,0.547,0.260
Moldova,2015,6.017,9.232,0.556,0.281
Moldova,2016,5.578,9.289,0.586,0.275
Moldova,2017,5.326,9.347,0.563,0.259
Moldova,2018,5.682,9.404,0.584,0.270
Moldova,2019,5.803,9.455,0.600,0.262
Moldova,2020,5.812,9.380,0.698,0.268
Moldova,2021,5.959,9.518,0.630,0.270
Moldova,2022,5.687,9.465,0.552,0.276
Moldova,2023,5.801,9.492,0.578,0.251
Mongolia,2007,4.609,8.827,0.483,0.203
Mongolia,2008,4.493,8.902,0.514,0.173
Mongolia,2010,4.586,8.925,0.559,0.150
Mongolia,2011,5.031,9.069,0.561,0.153
Mongolia,2012,4.885,9.168,0.524,0.181
Mongolia,2013,4.913,9.260,0.549,0.179
Mongolia,2014,4.825,9.315,0.512,0.170
Mongolia,2015,4.983,9.318,0.533,0.208
Mongolia,2016,5.057,9.311,0.555,0.171
Mongolia,2017,5.334,9.344,0.552,0.214
Mongolia,2018,5.465,9.397,0.525,0.192
Mongolia,2019,5.563,9.430,0.562,0.167
Mongolia,2020,6.011,9.365,0.575,0.260
Mongolia,2021,5.721,9.365,0.560,0.202
Mongolia,2022,5.788,9.397,0.550,0.209
Mongolia,2023,5.580,9.433,0.545,0.197
Montenegro,2007,5.196,9.696,0.536,0.340
Montenegro,2009,4.801,9.702,0.533,0.423
Montenegro,2010,5.455,9.727,0.510,0.410
Montenegro,2011,5.223,9.758,0.510,0.378
Montenegro,2012,5.219,9.729,0.468,0.379
Montenegro,2013,5.074,9.763,0.493,0.331
Montenegro,2014,5.283,9.780,0.545,0.368
Montenegro,2015,5.125,9.813,0.534,0.337
Montenegro,2016,5.304,9.842,0.547,0.337
Montenegro,2017,5.615,9.887,0.493,0.350
Montenegro,2018,5.650,9.937,0.527,0.355
Montenegro,2019,5.386,9.977,0.547,0.366
Montenegro,2020,5.722,9.812,0.560,0.411
Montenegro,2022,5.600,10.002,0.485,0.317
Montenegro,2023,5.813,10.041,0.481,0.318
Morocco,2010,4.383,8.821,,
Morocco,2011,5.085,8.861,0.687,0.187
Morocco,2012,4.970,8.877,0.641,0.281
Morocco,2013,5.142,8.904,0.707,0.239
Morocco,2015,5.163,8.947,0.596,0.262
Morocco,2016,5.386,8.940,0.658,0.205
Morocco,2017,5.312,8.977,0.501,0.323
Morocco,2018,4.897,8.996,0.575,0.416
Morocco,2019,5.057,9.014,0.535,0.410
Morocco,2020,4.803,8.929,0.548,0.256
Morocco,2021,5.326,8.994,0.554,0.341
Morocco,2022,4.596,8.995,0.573,0.414
Morocco,2023,4.487,9.009,0.549,0.415
Mozambique,2006,4.595,6.792,0.602,0.327
Mozambique,2007,4.833,6.840,0.627,0.240
Mozambique,2008,4.654,6.885,0.611,0.280
Mozambique,2011,4.971,6.996,0.565,0.243
Mozambique,2015,4.550,7.148,0.560,0.340
Mozambique,2017,4.280,7.160,0.642,0.353
Mozambique,2018,4.654,7.165,0.620,0.397
Mozambique,2019,4.932,7.159,0.588,0.384
Mozambique,2021,5.178,7.112,0.576,0.383
Mozambique,2022,4.740,7.125,0.629,0.351
Mozambique,2023,5.704,7.147,0.625,0.335
Myanmar,2012,4.439,8.067,0.574,0.205
Myanmar,2013,4.176,8.134,0.675,0.217
Myanmar,2014,4.786,8.205,0.713,0.112
Myanmar,2015,4.224,8.229,0.729,0.272
Myanmar,2016,4.623,8.321,0.671,0.302
Myanmar,2017,4.154,8.369,0.617,0.282
Myanmar,2018,4.411,8.424,0.640,0.300
Myanmar,2019,4.434,8.483,0.638,0.286
Myanmar,2020,4.431,8.507,0.700,0.289
Myanmar,2021,4.314,8.302,0.636,0.268
Myanmar,2022,4.359,8.325,0.669,0.353
Myanmar,2023,4.391,8.347,0.634,0.358
Namibia,2007,4.886,9.073,0.769,0.160
Namibia,2014,4.574,9.264,0.723,0.239
Namibia,2017,4.441,9.243,0.697,0.277
Namibia,2018,4.834,9.237,0.696,0.240
Namibia,2019,4.436,9.211,0.644,0.256
Namibia,2020,4.451,9.110,0.652,0.248
Namibia,2021,4.491,9.128,0.644,0.230
Namibia,2022,4.949,9.158,0.676,0.261
Namibia,2023,5.055,9.167,0.635,0.208
Nepal,2006,4.567,7.734,0.583,0.171
Nepal,2007,4.748,7.761,0.502,0.152
Nepal,2008,4.441,7.814,0.589,0.153
Nepal,2009,4.917,7.853,0.484,0.215
Nepal,2010,4.350,7.895,0.538,0.226
Nepal,2011,3.809,7.924,0.530,0.207
Nepal,2012,4.233,7.968,0.538,0.231
Nepal,2013,4.605,8.000,0.496,0.279
Nepal,2014,4.975,8.056,0.492,0.287
Nepal,2015,4.812,8.089,0.444,0.358
Nepal,2016,5.100,8.085,0.523,0.370
Nepal,2017,4.737,8.159,0.463,0.376
Nepal,2018,4.910,8.221,0.457,0.387
Nepal,2019,5.449,8.274,0.444,0.357
Nepal,2020,5.982,8.233,0.480,0.337
Nepal,2021,4.622,8.257,0.414,0.354
Nepal,2022,5.474,8.294,0.473,0.342
Nepal,2023,5.389,8.318,0.461,0.350
Netherlands,2005,7.464,10.809,0.701,0.233
Netherlands,2007,7.452,10.876,0.718,0.213
Netherlands,2008,7.631,10.894,0.679,0.182
Netherlands,2010,7.502,10.860,0.745,0.206
Netherlands,2011,7.564,10.870,0.770,0.181
Netherlands,2012,7.471,10.856,0.753,0.226
Netherlands,2013,7.407,10.852,0.765,0.235
Netherlands,2014,7.321,10.863,0.776,0.221
Netherlands,2015,7.324,10.878,0.742,0.202
Netherlands,2016,7.541,10.894,0.737,0.215
Netherlands,2017,7.459,10.917,0.729,0.185
Netherlands,2018,7.463,10.934,0.748,0.205
Netherlands,2019,7.425,10.947,0.728,0.231
Netherlands,2020,7.504,10.902,0.691,0.247
Netherlands,2021,7.314,10.944,0.714,0.201
Netherlands,2022,7.390,10.978,0.711,0.198
Netherlands,2023,7.255,10.977,0.693,0.202
New Zealand,2006,7.305,10.541,0.825,0.219
New Zealand,2007,7.604,10.562,0.803,0.238
New Zealand,2008,7.381,10.541,0.784,0.232
New Zealand,2010,7.224,10.534,0.783,0.235
New Zealand,2011,7.191,10.548,0.784,0.210
New Zealand,2012,7.250,10.565,0.786,0.207
New Zealand,2013,7.280,10.585,0.778,0.151
New Zealand,2014,7.306,10.605,0.807,0.199
New Zealand,2015,7.418,10.622,0.795,0.160
New Zealand,2016,7.226,10.637,0.777,0.207
New Zealand,2017,7.327,10.650,0.763,0.172
New Zealand,2018,7.370,10.667,0.785,0.168
New Zealand,2019,7.205,10.675,0.765,0.191
New Zealand,2020,7.257,10.647,0.796,0.209
New Zealand,2021,7.137,10.693,0.747,0.206
New Zealand,2022,6.975,10.712,0.706,0.210
New Zealand,2023,6.976,10.720,0.738,0.229
Nicaragua,2006,4.460,8.395,0.780,0.294
Nicaragua,2007,4.944,8.431,0.787,0.287
Nicaragua,2008,5.104,8.450,0.770,0.289
Nicaragua,2009,5.353,8.402,0.740,0.299
Nicaragua,2010,5.687,8.431,0.749,0.268
Nicaragua,2011,5.386,8.478,0.747,0.309
Nicaragua,2012,5.448,8.526,0.762,0.255
Nicaragua,2013,5.772,8.559,0.800,0.271
Nicaragua,2014,6.275,8.591,0.782,0.334
Nicaragua,2015,5.924,8.624,0.771,0.346
Nicaragua,2016,6.013,8.654,0.787,0.380
Nicaragua,2017,6.476,8.685,0.793,0.308
Nicaragua,2018,5.819,8.637,0.743,0.408
Nicaragua,2019,6.113,8.594,0.790,0.337
Nicaragua,2020,6.287,8.562,0.775,0.316
Nicaragua,2021,6.095,8.647,0.799,0.293
Nicaragua,2022,6.392,8.669,0.787,0.339
Nicaragua,2023,6.362,8.685,0.772,0.340
Niger,2006,3.737,6.872,0.746,0.179
Niger,2007,4.277,6.867,0.723,0.158
Niger,2008,4.236,6.905,0.689,0.194
Niger,2009,4.267,6.887,0.714,0.115
Niger,2010,4.101,6.932,0.715,0.126
Niger,2011,4.556,6.918,0.710,0.166
Niger,2012,3.798,6.980,0.582,0.142
Niger,2013,3.716,6.994,0.639,0.208
Niger,2014,4.181,7.020,0.629,0.205
Niger,2015,3.671,7.025,0.665,0.218
Niger,2016,4.235,7.042,0.646,0.325
Niger,2017,4.616,7.053,0.699,0.427
Niger,2018,5.164,7.084,0.759,0.503
Niger,2019,5.004,7.105,0.794,0.304
Niger,2022,4.501,7.151,0.787,0.366
Niger,2023,4.609,7.181,0.747,0.417
Nigeria,2006,4.710,8.314,0.772,0.178
Nigeria,2007,4.890,8.350,0.815,0.141
Nigeria,2008,4.939,8.389,0.755,0.244
Nigeria,2009,4.980,8.439,0.730,0.225
Nigeria,2010,4.760,8.488,0.759,0.190
Nigeria,2012,5.493,8.526,0.782,0.209
Nigeria,2013,4.818,8.564,0.652,0.286
Nigeria,2015,4.933,8.600,0.715,0.251
Nigeria,2016,5.220,8.558,0.745,0.252
Nigeria,2017,5.322,8.541,0.682,0.236
Nigeria,2018,5.252,8.535,0.762,0.256
Nigeria,2019,4.266,8.532,0.698,0.229
Nigeria,2020,5.503,8.490,0.737,0.316
Nigeria,2021,4.479,8.502,0.666,0.188
Nigeria,2022,5.294,8.510,0.760,0.253
Nigeria,2023,4.869,8.514,0.721,0.266
North Macedonia,2007,4.494,9.434,0.558,0.251
North Macedonia,2009,4.428,9.481,0.488,0.370
North Macedonia,2010,4.180,9.512,0.473,0.314
North Macedonia,2011,4.898,9.533,0.503,0.363
North Macedonia,2012,4.640,9.527,0.551,0.422
North Macedonia,2013,5.186,9.555,0.521,0.331
North Macedonia,2014,5.204,9.589,0.583,0.307
North Macedonia,2015,4.976,9.625,0.551,0.299
North Macedonia,2016,5.346,9.652,0.587,0.292
North Macedonia,2017,5.234,9.662,0.447,0.299
North Macedonia,2018,5.240,9.689,0.512,0.298
North Macedonia,2019,5.015,9.728,0.515,0.304
North Macedonia,2020,5.054,9.666,0.542,0.365
North Macedonia,2021,5.535,9.724,0.563,0.303
North Macedonia,2022,5.167,9.749,0.555,0.277
North Macedonia,2023,5.403,9.776,0.517,0.272
Norway,2006,7.416,11.056,0.767,0.197
Norway,2008,7.632,11.066,0.763,0.155
Norway,2012,7.678,11.041,0.798,0.213
Norway,2014,7.444,11.048,0.802,0.194
Norway,2015,7.603,11.057,0.796,0.209
Norway,2016,7.596,11.060,0.809,0.209
Norway,2017,7.579,11.076,0.800,0.203
Norway,2018,7.444,11.077,0.786,0.212
Norway,2019,7.442,11.082,0.782,0.195
Norway,2020,7.290,11.063,0.777,0.216
Norway,2021,7.362,11.096,0.769,0.207
Norway,2022,7.295,11.119,0.759,0.211
Norway,2023,7.249,11.125,0.756,0.228
Oman,2011,6.853,10.539,,0.295
Pakistan,2005,5.225,8.252,,0.237
Pakistan,2007,5.671,8.314,0.583,0.310
Pakistan,2008,4.414,8.309,0.533,0.321
Pakistan,2009,5.208,8.315,0.516,0.349
Pakistan,2010,5.786,8.308,0.527,0.372
Pakistan,2011,5.267,8.314,0.473,0.358
Pakistan,2012,5.132,8.331,0.510,0.332
Pakistan,2013,5.138,8.359,0.474,0.274
Pakistan,2014,5.436,8.390,0.475,0.295
Pakistan,2015,4.823,8.423,0.469,0.329
Pakistan,2016,5.549,8.465,0.503,0.332
Pakistan,2017,5.831,8.495,0.489,0.308
Pakistan,2018,5.472,8.540,0.470,0.377
Pakistan,2019,4.443,8.548,0.489,0.424
Pakistan,2020,4.624,8.518,0.470,0.376
Pakistan,2021,4.487,8.563,0.518,0.307
Pakistan,2022,4.931,8.604,0.469,0.368
Pakistan,2023,4.549,8.588,0.504,0.417
Panama,2006,6.128,9.806,0.826,0.232
Panama,2007,6.894,9.901,0.789,0.149
Panama,2008,6.931,9.977,0.776,0.150
Panama,2009,7.034,9.971,0.839,0.144
Panama,2010,7.321,10.010,0.841,0.146
Panama,2011,7.248,10.099,0.853,0.180
Panama,2012,6.860,10.174,0.838,0.207
Panama,2013,6.866,10.224,0.860,0.226
Panama,2014,6.631,10.256,0.799,0.254
Panama,2015,6.606,10.294,0.777,0.264
Panama,2016,6.118,10.325,0.813,0.244
Panama,2017,6.568,10.362,0.795,0.242
Panama,2018,6.281,10.382,0.841,0.223
Panama,2019,6.086,10.398,0.841,0.244
Panama,2021,6.553,10.323,0.834,0.218
Panama,2022,5.979,10.412,0.821,0.259
Panama,2023,6.543,10.455,0.829,0.257
Paraguay,2006,4.730,9.154,0.752,0.303
Paraguay,2007,5.272,9.197,0.812,0.219
Paraguay,2008,5.570,9.250,0.798,0.259
Paraguay,2009,5.576,9.237,0.803,0.186
Paraguay,2010,5.841,9.331,0.826,0.176
Paraguay,2011,5.677,9.360,0.823,0.190
Paraguay,2012,5.820,9.339,0.849,0.213
Paraguay,2013,5.936,9.405,0.874,0.224
Paraguay,2014,5.119,9.443,0.876,0.216
Paraguay,2015,5.560,9.458,0.832,0.219
Paraguay,2016,5.801,9.485,0.833,0.197
Paraguay,2017,5.713,9.518,0.820,0.232
Paraguay,2019,5.653,9.519,0.790,0.275
Paraguay,2020,5.501,9.497,0.767,0.269
Paraguay,2021,5.576,9.523,0.806,0.248
Paraguay,2022,6.138,9.513,0.821,0.238
Paraguay,2023,6.214,9.549,0.833,0.240
Peru,2006,4.811,8.979,0.675,0.420
Peru,2007,5.214,9.054,0.730,0.361
Peru,2008,5.129,9.134,0.701,0.354
Peru,2009,5.519,9.138,0.758,0.320
Peru,2010,5.613,9.210,0.744,0.330
Peru,2011,5.892,9.263,0.742,0.331
Peru,2012,5.825,9.313,0.705,0.398
Peru,2013,5.783,9.361,0.741,0.390
Peru,2014,5.866,9.374,0.743,0.319
Peru,2015,5.577,9.394,0.744,0.378
Peru,2016,5.701,9.419,0.791,0.338
Peru,2017,5.711,9.429,0.768,0.394
Peru,2018,5.680,9.449,0.783,0.380
Peru,2019,5.999,9.452,0.794,0.375
Peru,2020,4.994,9.323,0.736,0.481
Peru,2021,5.694,9.436,0.784,0.369
Peru,2022,5.892,9.453,0.755,0.378
Peru,2023,5.936,9.459,0.765,0.370
Philippines,2006,4.670,8.562,0.756,
Philippines,2007,5.074,8.606,0.736,0.378
Philippines,2008,4.589,8.630,0.774,0.384
Philippines,2009,4.880,8.626,0.791,0.311
Philippines,2010,4.942,8.679,0.829,0.294
Philippines,2011,4.994,8.699,0.808,0.358
Philippines,2012,5.002,8.748,0.811,0.351
Philippines,2013,4.977,8.796,0.796,0.332
Philippines,2014,5.313,8.842,0.787,0.334
Philippines,2015,5.547,8.887,0.796,0.351
Philippines,2016,5.431,8.938,0.807,0.290
Philippines,2017,5.594,8.987,0.753,0.341
Philippines,2018,5.869,9.032,0.756,0.393
Philippines,2019,6.268,9.075,0.765,0.341
Philippines,2020,5.080,8.958,0.793,0.327
Philippines,2021,5.965,8.999,0.790,0.323
Philippines,2022,5.995,9.057,0.833,0.301
Philippines,2023,6.184,9.102,0.800,0.324
Poland,2005,5.587,9.844,0.611,0.282
Poland,2007,5.886,9.973,0.665,0.238
Poland,2009,5.772,10.041,0.649,0.246
Poland,2010,5.887,10.073,0.686,0.234
Poland,2011,5.646,10.122,0.659,0.224
Poland,2012,5.876,10.137,0.711,0.267
Poland,2013,5.746,10.146,0.675,0.242
Poland,2014,5.750,10.184,0.681,0.223
Poland,2015,6.007,10.228,0.631,0.240
Poland,2016,6.162,10.258,0.666,0.224
Poland,2017,6.201,10.308,0.566,0.203
Poland,2018,6.111,10.365,0.622,0.176
Poland,2019,6.242,10.409,0.613,0.168
Poland,2020,6.139,10.390,0.677,0.329
Poland,2021,5.978,10.461,0.700,0.277
Poland,2022,6.666,10.513,0.594,0.140
Poland,2023,6.685,10.527,0.556,0.155
Portugal,2006,5.405,10.359,0.647,0.333
Portugal,2008,5.717,10.383,0.667,0.309
Portugal,2010,5.095,10.367,0.681,0.265
Portugal,2011,5.220,10.352,0.671,0.279
Portugal,2012,4.994,10.314,0.631,0.370
Portugal,2013,5.158,10.310,0.665,0.348
Portugal,2014,5.127,10.324,0.663,0.358
Portugal,2015,5.081,10.346,0.629,0.371
Portugal,2016,5.447,10.369,0.659,0.326
Portugal,2017,5.711,10.406,0.608,0.294
Portugal,2018,5.920,10.435,0.646,0.318
Portugal,2019,6.095,10.462,0.675,0.300
Portugal,2020,5.768,10.374,0.614,0.383
Portugal,2021,6.183,10.425,0.629,0.284
Portugal,2022,5.953,10.484,0.638,0.316
Portugal,2023,5.954,10.504,0.661,0.309
Qatar,2009,6.418,11.434,0.673,0.258
Qatar,2010,6.850,11.551,,
Qatar,2011,6.592,11.625,0.661,0.328
Qatar,2012,6.611,11.617,0.683,0.322
Qatar,2015,6.375,11.532,,
Romania,2005,5.049,9.733,0.576,0.346
Romania,2007,5.394,9.901,0.575,0.277
Romania,2009,5.368,9.958,0.545,0.270
Romania,2010,4.909,9.924,0.539,0.344
Romania,2011,5.023,9.973,0.501,0.294
Romania,2012,5.167,9.997,0.520,0.343
Romania,2013,5.082,10.003,0.541,0.329
Romania,2014,5.727,10.047,0.565,0.331
Romania,2015,5.777,10.083,0.627,0.312
Romania,2016,5.969,10.117,0.607,0.258
Romania,2017,6.090,10.201,0.632,0.231
Romania,2018,6.151,10.266,0.649,0.298
Romania,2019,6.130,10.309,0.605,0.244
Romania,2020,6.785,10.277,0.668,0.256
Romania,2021,6.549,10.341,0.674,0.264
Romania,2022,6.437,10.396,0.615,0.258
Romania,2023,6.489,10.431,0.628,0.271
Russia,2006,4.964,9.988,0.534,0.232
Russia,2007,5.223,10.071,0.546,0.193
Russia,2008,5.619,10.122,0.570,0.166
Russia,2009,5.158,10.041,0.540,0.169
Russia,2010,5.385,10.084,0.567,0.171
Russia,2011,5.389,10.126,0.564,0.165
Russia,2012,5.621,10.163,0.563,0.174
Russia,2013,5.537,10.179,0.592,0.180
Russia,2014,6.037,10.168,0.617,0.151
Russia,2015,5.996,10.146,0.609,0.130
Russia,2016,5.855,10.146,0.587,0.142
Russia,2017,5.579,10.163,0.651,0.195
Russia,2018,5.514,10.191,0.615,0.199
Russia,2019,5.441,10.213,0.632,0.200
Russia,2020,5.495,10.188,0.621,0.190
Russia,2021,5.448,10.247,0.590,0.190
Russia,2022,6.044,10.225,0.614,0.211
Russia,2023,5.865,10.209,0.616,0.190
Rwanda,2006,4.215,7.087,0.701,0.189
Rwanda,2008,4.363,7.213,0.633,0.221
Rwanda,2009,4.030,7.247,0.658,0.112
Rwanda,2011,4.097,7.343,0.608,0.154
Rwanda,2012,3.333,7.401,0.624,0.132
Rwanda,2013,3.466,7.423,0.728,0.167
Rwanda,2014,3.596,7.459,0.748,0.134
Rwanda,2015,3.483,7.520,0.692,0.206
Rwanda,2016,3.333,7.554,0.715,0.285
Rwanda,2017,3.108,7.568,0.724,0.358
Rwanda,2018,3.561,7.625,0.765,0.308
Rwanda,2019,3.268,7.692,0.717,0.418
Saudi Arabia,2005,7.080,10.679,0.681,0.243
Saudi Arabia,2007,7.267,10.646,0.718,0.232
Saudi Arabia,2008,6.811,10.668,0.607,0.202
Saudi Arabia,2009,6.148,10.610,0.683,0.319
Saudi Arabia,2010,6.307,10.627,0.645,0.297
Saudi Arabia,2011,6.700,10.706,0.699,0.240
Saudi Arabia,2012,6.396,10.737,0.692,0.225
Saudi Arabia,2013,6.495,10.744,0.691,0.276
Saudi Arabia,2014,6.278,10.763,0.663,0.313
Saudi Arabia,2015,6.345,10.790,0.668,0.327
Saudi Arabia,2016,6.474,10.793,0.725,0.266
Saudi Arabia,2017,6.294,10.770,0.703,0.306
Saudi Arabia,2018,6.356,10.773,0.696,0.288
Saudi Arabia,2019,6.561,10.758,0.674,0.238
Saudi Arabia,2020,6.560,10.709,0.702,0.251
Saudi Arabia,2021,6.445,10.749,0.728,0.228
Saudi Arabia,2022,6.382,10.820,0.677,0.205
Saudi Arabia,2023,6.953,10.829,0.737,0.240
Senegal,2006,4.417,7.930,0.687,0.225
Senegal,2007,4.680,7.931,0.718,0.199
Senegal,2008,4.683,7.941,0.669,0.252
Senegal,2009,4.335,7.942,0.708,0.228
Senegal,2010,4.372,7.948,0.670,0.143
Senegal,2011,3.834,7.934,0.696,0.180
Senegal,2012,3.669,7.946,0.722,0.214
Senegal,2013,3.647,7.943,0.694,0.165
Senegal,2014,4.395,7.976,0.696,0.157
Senegal,2015,4.617,8.010,0.710,0.208
Senegal,2016,4.595,8.045,0.781,0.245
Senegal,2017,4.683,8.089,0.751,0.291
Senegal,2018,4.769,8.122,0.724,0.247
Senegal,2019,5.489,8.140,0.768,0.332
Senegal,2020,4.757,8.127,0.816,0.268
Senegal,2021,4.903,8.164,0.812,0.265
Senegal,2022,4.907,8.179,0.813,0.287
Senegal,2023,5.093,8.200,0.825,0.258
Serbia,2007,4.750,9.536,0.528,0.334
Serbia,2009,4.380,9.571,0.466,0.435
Serbia,2010,4.461,9.583,0.446,0.415
Serbia,2011,4.815,9.611,0.458,0.410
Serbia,2012,5.155,9.609,0.447,0.371
Serbia,2013,5.102,9.642,0.505,0.403
Serbia,2014,5.113,9.631,0.473,0.326
Serbia,2015,5.318,9.654,0.472,0.303
Serbia,2016,5.753,9.692,0.492,0.298
Serbia,2017,5.122,9.718,0.485,0.326
Serbia,2018,5.936,9.767,0.527,0.296
Serbia,2019,6.241,9.815,0.474,0.242
Serbia,2020,6.042,9.813,0.579,0.358
Serbia,2021,6.245,9.895,0.568,0.311
Serbia,2022,6.546,9.928,0.514,0.275
Serbia,2023,6.441,9.961,0.526,0.206
Sierra Leone,2006,3.628,7.122,0.535,0.381
Sierra Leone,2007,3.585,7.177,0.635,0.290
Sierra Leone,2008,2.997,7.205,0.588,0.370
Sierra Leone,2010,4.134,7.245,0.497,0.290
Sierra Leone,2011,4.502,7.277,0.495,0.300
Sierra Leone,2013,4.514,7.557,0.540,0.423
Sierra Leone,2014,4.500,7.577,0.622,0.334
Sierra Leone,2015,4.909,7.324,0.626,0.414
Sierra Leone,2016,4.733,7.361,0.616,0.456
Sierra Leone,2017,4.090,7.374,0.607,0.495
Sierra Leone,2018,4.306,7.384,0.533,0.466
Sierra Leone,2019,3.447,7.412,0.521,0.438
Sierra Leone,2021,3.714,7.387,0.538,0.448
Sierra Leone,2022,2.560,7.400,0.494,0.505
Sierra Leone,2023,3.467,7.412,0.504,0.430
Singapore,2006,6.463,11.168,0.689,0.267
Singapore,2007,6.834,11.213,0.588,0.114
Singapore,2008,6.642,11.178,0.627,0.256
Singapore,2009,6.145,11.149,0.450,0.208
Singapore,2010,6.531,11.267,0.527,0.131
Singapore,2011,6.561,11.306,0.404,0.144
Singapore,2013,6.533,11.356,0.663,0.148
Singapore,2014,7.062,11.382,0.774,0.180
Singapore,2015,6.620,11.399,0.736,0.142
Singapore,2016,6.033,11.422,0.745,0.111
Singapore,2017,6.378,11.465,0.750,0.179
Singapore,2018,6.375,11.496,0.731,0.107
Singapore,2019,6.378,11.497,0.674,0.138
Singapore,2021,6.587,11.587,0.697,0.160
Singapore,2022,6.333,11.590,0.688,0.209
Singapore,2023,6.654,,0.667,0.190
Slovakia,2006,5.265,9.989,0.586,0.308
Slovakia,2010,6.052,10.152,0.603,0.277
Slovakia,2011,5.945,10.177,0.588,0.287
Slovakia,2012,5.911,10.188,0.585,0.302
Slovakia,2013,5.937,10.193,0.612,0.277
Slovakia,2014,6.139,10.219,0.619,0.267
Slovakia,2015,6.162,10.268,0.632,0.269
Slovakia,2016,5.993,10.286,0.688,0.232
Slovakia,2017,6.366,10.314,0.709,0.213
Slovakia,2018,6.235,10.352,0.670,0.253
Slovakia,2019,6.243,10.375,0.676,0.252
Slovakia,2020,6.519,10.340,0.695,0.274
Slovakia,2021,6.419,10.390,0.692,0.241
Slovakia,2022,6.091,10.409,0.665,0.263
Slovakia,2023,6.261,10.425,0.647,0.235
Slovenia,2006,5.811,10.399,0.608,0.307
Slovenia,2009,5.830,10.406,0.583,0.303
Slovenia,2010,6.083,10.415,0.592,0.295
Slovenia,2011,6.036,10.421,0.587,0.285
Slovenia,2012,6.063,10.392,0.598,0.284
Slovenia,2013,5.975,10.381,0.625,0.274
Slovenia,2014,5.678,10.407,0.594,0.291
Slovenia,2015,5.741,10.428,0.644,0.261
Slovenia,2016,5.937,10.459,0.597,0.272
Slovenia,2017,6.167,10.505,0.582,0.286
Slovenia,2018,6.249,10.545,0.601,0.275
Slovenia,2019,6.665,10.572,0.622,0.228
Slovenia,2020,6.462,10.521,0.575,0.314
Slovenia,2021,6.761,10.598,0.643,0.261
Slovenia,2022,6.723,10.650,0.625,0.242
Slovenia,2023,6.746,10.664,0.615,0.256
Somalia,2014,5.528,6.830,0.689,0.207
Somalia,2015,5.354,6.937,0.764,0.187
Somalia,2016,4.668,6.981,0.773,0.193
Somaliland region,2009,4.991,,0.708,0.112
Somaliland region,2010,4.657,,0.632,0.083
Somaliland region,2011,4.931,,0.691,0.122
Somaliland region,2012,5.057,,0.687,0.152
South Africa,2006,5.084,9.455,0.724,0.223
South Africa,2007,5.204,9.497,0.658,0.210
South Africa,2008,5.346,9.518,0.712,0.206
South Africa,2009,5.218,9.490,0.656,0.231
South Africa,2010,4.652,9.508,0.698,0.124
South Africa,2011,4.931,9.527,0.720,0.230
South Africa,2012,5.134,9.537,0.711,0.178
South Africa,2013,3.661,9.548,0.740,0.167
South Africa,2014,4.828,9.546,0.730,0.243
South Africa,2015,4.887,9.539,0.717,0.161
South Africa,2016,4.770,9.536,0.743,0.301
South Africa,2017,4.514,9.543,0.709,0.268
South Africa,2018,4.884,9.546,0.736,0.283
South Africa,2019,5.035,9.536,0.727,0.268
South Africa,2020,4.947,9.458,0.761,0.294
South Africa,2021,5.599,9.496,0.784,0.173
South Africa,2022,5.581,9.508,0.744,0.239
South Africa,2023,5.076,9.503,0.708,0.255
South Korea,2006,5.332,10.309,0.545,0.338
South Korea,2007,5.767,10.360,0.612,0.226
South Korea,2008,5.390,10.382,0.554,0.239
South Korea,2009,5.648,10.385,0.596,0.209
South Korea,2010,6.116,10.446,0.626,0.130
South Korea,2011,6.947,10.474,0.587,0.168
South Korea,2012,6.003,10.493,0.610,0.206
South Korea,2013,5.959,10.519,0.589,0.189
South Korea,2014,5.801,10.544,0.575,0.283
South Korea,2015,5.780,10.567,0.561,0.244
South Korea,2016,5.971,10.592,0.583,0.233
South Korea,2017,5.874,10.620,0.546,0.235
South Korea,2018,5.840,10.645,0.579,0.217
South Korea,2019,5.903,10.663,0.593,0.236
South Korea,2020,5.793,10.655,0.550,0.247
South Korea,2021,6.113,10.697,0.566,0.221
South Korea,2022,5.950,10.725,0.585,0.233
South Korea,2023,6.112,10.742,0.603,0.245
South Sudan,2014,3.832,,0.578,0.428
South Sudan,2015,4.071,,0.553,0.450
South Sudan,2016,2.888,,0.594,0.549
South Sudan,2017,2.817,,0.565,0.517
Spain,2005,7.153,10.544,0.694,0.241
Spain,2007,6.995,10.585,0.717,0.264
Spain,2008,7.294,10.577,0.649,0.260
Spain,2009,6.199,10.530,0.645,0.336
Spain,2010,6.188,10.527,0.645,0.322
Spain,2011,6.518,10.516,0.667,0.356
Spain,2012,6.291,10.485,0.644,0.366
Spain,2013,6.150,10.474,0.663,0.372
Spain,2014,6.456,10.491,0.683,0.335
Spain,2015,6.381,10.529,0.705,0.285
Spain,2016,6.319,10.558,0.630,0.301
Spain,2017,6.230,10.585,0.601,0.302
Spain,2018,6.513,10.604,0.636,0.357
Spain,2019,6.457,10.616,0.636,0.316
Spain,2020,6.502,10.491,0.671,0.317
Spain,2021,6.470,10.544,0.639,0.324
Spain,2022,6.337,10.592,0.636,0.320
Spain,2023,6.456,10.609,0.655,0.325
Sri Lanka,2006,4.345,8.937,0.639,0.216
Sri Lanka,2007,4.415,8.992,0.590,0.220
Sri Lanka,2008,4.431,9.040,0.656,0.153
Sri Lanka,2009,4.212,9.065,0.661,0.172
Sri Lanka,2010,3.977,9.133,0.704,0.163
Sri Lanka,2011,4.181,9.207,0.730,0.175
Sri Lanka,2012,4.225,9.282,0.761,0.197
Sri Lanka,2013,4.365,9.316,0.776,0.208
Sri Lanka,2014,4.268,9.373,0.785,0.187
Sri Lanka,2015,4.612,9.410,0.789,0.235
Sri Lanka,2017,4.331,9.514,0.729,0.270
Sri Lanka,2018,4.435,9.529,0.773,0.302
Sri Lanka,2019,4.213,9.521,0.753,0.315
Sri Lanka,2020,4.778,9.468,0.758,0.285
Sri Lanka,2021,4.103,9.492,0.733,0.312
Sri Lanka,2022,3.985,9.409,0.715,0.321
Sri Lanka,2023,3.602,9.364,0.709,0.353
State of Palestine,2006,4.716,8.201,0.492,0.431
State of Palestine,2007,4.151,8.181,0.515,0.412
State of Palestine,2008,4.386,8.275,0.513,0.403
State of Palestine,2009,4.470,8.337,0.474,0.466
State of Palestine,2010,4.703,8.363,0.553,0.381
State of Palestine,2011,4.751,8.452,0.499,0.388
State of Palestine,2012,4.647,8.598,0.560,0.379
State of Palestine,2013,4.844,8.595,0.537,0.365
State of Palestine,2014,4.722,8.618,0.505,0.380
State of Palestine,2015,4.695,8.683,0.536,0.369
State of Palestine,2016,4.907,8.738,0.544,0.378
State of Palestine,2017,4.628,8.734,0.534,0.416
State of Palestine,2018,4.554,8.718,0.528,0.419
State of Palestine,2019,4.483,8.716,0.538,0.400
State of Palestine,2022,4.908,,0.584,0.362
State of Palestine,2023,4.851,,0.580,0.378
Sudan,2009,4.455,8.457,0.688,0.245
Sudan,2010,4.435,8.465,0.589,0.221
Sudan,2011,4.314,8.527,0.532,0.249
Sudan,2012,4.550,8.458,0.511,0.242
Sudan,2014,4.139,8.471,0.461,0.303
Suriname,2012,6.269,9.874,0.730,0.250
Sweden,2005,7.376,10.724,0.742,0.151
Sweden,2007,7.241,10.791,0.735,0.177
Sweden,2008,7.516,10.778,0.763,0.134
Sweden,2009,7.266,10.725,0.761,0.151
Sweden,2010,7.496,10.775,0.788,0.200
Sweden,2011,7.382,10.799,0.762,0.179
Sweden,2012,7.560,10.785,0.796,0.170
Sweden,2013,7.434,10.789,0.782,0.184
Sweden,2014,7.239,10.805,0.793,0.208
Sweden,2015,7.289,10.838,0.766,0.191
Sweden,2016,7.369,10.846,0.752,0.201
Sweden,2017,7.287,10.858,0.756,0.175
Sweden,2018,7.375,10.866,0.747,0.161
Sweden,2019,7.398,10.875,0.775,0.202
Sweden,2020,7.314,10.846,0.717,0.222
Sweden,2021,7.439,10.893,0.763,0.190
Sweden,2022,7.431,10.912,0.750,0.163
Sweden,2023,7.161,10.902,0.739,0.194
Switzerland,2006,7.473,11.056,0.742,0.212
Switzerland,2009,7.525,11.065,0.741,0.202
Switzerland,2012,7.776,11.094,0.793,0.176
Switzerland,2014,7.493,11.111,0.788,0.189
Switzerland,2015,7.572,11.116,0.794,0.166
Switzerland,2016,7.459,11.126,0.758,0.206
Switzerland,2017,7.474,11.130,0.734,0.196
Switzerland,2018,7.509,11.151,0.756,0.192
Switzerland,2019,7.694,11.155,0.743,0.171
Switzerland,2020,7.508,11.124,0.730,0.193
Switzerland,2021,7.328,11.158,0.747,0.183
Switzerland,2022,6.884,11.170,0.710,0.180
Switzerland,2023,6.969,11.169,0.745,0.185
Syria,2008,5.323,8.658,0.562,0.338
Syria,2009,4.979,8.656,0.491,0.292
Syria,2010,4.465,8.733,0.489,0.225
Syria,2011,4.038,8.735,0.521,0.496
Syria,2012,3.164,8.578,0.451,0.705
Syria,2013,2.688,8.419,0.354,0.622
Syria,2015,3.462,8.492,0.363,0.643
Taiwan Province of China,2006,6.189,10.602,0.683,0.094
Taiwan Province of China,2008,5.548,10.600,0.682,0.169
Taiwan Province of China,2010,6.229,10.681,0.738,0.136
Taiwan Province of China,2011,6.309,10.693,0.727,0.112
Taiwan Province of China,2012,6.126,10.718,0.702,0.140
Taiwan Province of China,2013,6.340,10.724,0.754,0.124
Taiwan Province of China,2014,6.363,10.749,0.767,0.108
Taiwan Province of China,2015,6.450,10.779,0.750,0.129
Taiwan Province of China,2016,6.513,10.768,0.743,0.108
Taiwan Province of China,2017,6.359,10.774,0.715,0.114
Taiwan Province of China,2018,6.467,10.781,0.746,0.093
Taiwan Province of China,2019,6.537,10.797,0.762,0.093
Taiwan Province of China,2020,6.751,,0.743,0.083
Taiwan Province of China,2021,6.247,,0.667,0.123
Taiwan Province of China,2022,6.607,,0.717,0.095
Taiwan Province of China,2023,6.655,,0.748,0.111
Tajikistan,2006,4.613,7.591,0.494,0.195
Tajikistan,2007,4.432,7.648,0.619,0.133
Tajikistan,2008,5.064,7.705,0.488,0.160
Tajikistan,2009,4.575,7.724,0.475,0.203
Tajikistan,2010,4.381,7.766,0.483,0.192
Tajikistan,2011,4.263,7.817,0.573,0.166
Tajikistan,2012,4.497,7.867,0.583,0.198
Tajikistan,2013,4.967,7.916,0.578,0.170
Tajikistan,2014,4.896,7.958,0.587,0.196
Tajikistan,2015,5.124,7.993,0.633,0.196
Tajikistan,2016,5.104,8.036,0.587,0.220
Tajikistan,2017,5.829,8.082,0.581,0.278
Tajikistan,2018,5.497,8.133,0.632,0.220
Tajikistan,2019,5.464,8.182,0.663,0.178
Tajikistan,2020,5.373,8.203,0.652,0.344
Tajikistan,2021,5.287,8.271,0.655,0.240
Tajikistan,2022,5.176,8.328,0.710,0.220
Tajikistan,2023,5.379,8.371,0.638,0.231
Tanzania,2006,3.922,7.459,0.725,0.209
Tanzania,2007,4.318,7.497,0.702,0.220
Tanzania,2008,4.385,7.525,0.740,0.178
Tanzania,2009,3.408,7.551,0.733,0.161
Tanzania,2010,3.229,7.587,0.667,0.146
Tanzania,2011,4.074,7.632,0.720,0.145
Tanzania,2012,4.007,7.647,0.641,0.195
Tanzania,2013,3.852,7.683,0.707,0.191
Tanzania,2014,3.483,7.717,0.693,0.241
Tanzania,2015,3.661,7.743,0.607,0.192
Tanzania,2016,2.903,7.775,0.649,0.246
Tanzania,2017,3.347,7.807,0.662,0.255
Tanzania,2018,3.445,7.828,0.702,0.221
Tanzania,2019,3.640,7.855,0.679,0.243
Tanzania,2020,3.786,7.844,0.667,0.271
Tanzania,2021,3.681,7.857,0.648,0.246
Tanzania,2022,3.616,7.872,0.707,0.195
Tanzania,2023,4.042,7.893,0.702,0.210
Thailand,2006,5.885,9.452,0.750,0.164
Thailand,2007,5.784,9.498,0.784,0.180
Thailand,2008,5.636,9.507,0.777,0.145
Thailand,2009,5.476,9.493,0.808,0.166
Thailand,2010,6.217,9.559,0.821,0.182
Thailand,2011,6.664,9.561,0.834,0.117
Thailand,2012,6.300,9.624,0.733,0.138
Thailand,2013,6.231,9.645,0.782,0.141
Thailand,2014,6.985,9.649,0.768,0.169
Thailand,2015,6.202,9.675,0.884,0.174
Thailand,2016,6.074,9.705,0.811,0.218
Thailand,2017,5.939,9.741,0.776,0.232
Thailand,2018,6.012,9.780,0.783,0.198
Thailand,2019,6.022,9.798,0.792,0.208
Thailand,2020,5.885,9.733,0.770,0.326
Thailand,2021,5.638,9.746,0.719,0.298
Thailand,2022,6.007,9.770,0.773,0.218
Thailand,2023,6.282,9.807,0.811,0.217
Togo,2006,3.202,7.342,0.571,0.348
Togo,2008,2.808,7.312,0.398,0.379
Togo,2011,2.936,7.406,0.479,0.395
Togo,2014,2.839,7.509,0.537,0.443
Togo,2015,3.768,7.540,0.597,0.416
Togo,2016,3.879,7.569,0.610,0.483
Togo,2017,4.361,7.587,0.614,0.426
Togo,2018,4.023,7.613,0.602,0.446
Togo,2019,4.179,7.637,0.606,0.444
Togo,2021,4.037,7.667,0.628,0.417
Togo,2022,4.239,7.700,0.594,0.414
Togo,2023,4.365,7.725,0.546,0.362
Trinidad and Tobago,2006,5.832,10.172,0.750,0.229
Trinidad and Tobago,2008,6.696,10.240,0.802,0.184
Trinidad and Tobago,2011,6.519,10.206,0.827,0.134
Trinidad and Tobago,2013,6.168,10.293,0.764,0.286
Trinidad and Tobago,2017,6.192,10.174,0.763,0.248
Tunisia,2009,5.025,9.238,,
Tunisia,2010,5.131,9.257,0.697,0.249
Tunisia,2011,4.876,9.224,0.513,0.248
Tunisia,2012,4.464,9.252,0.490,0.327
Tunisia,2013,5.246,9.265,0.435,0.239
Tunisia,2014,4.764,9.284,0.424,0.321
Tunisia,2015,5.132,9.283,0.514,0.320
Tunisia,2016,4.521,9.283,0.532,0.378
Tunisia,2017,4.124,9.294,0.367,0.377
Tunisia,2018,4.741,9.310,0.536,0.365
Tunisia,2019,4.315,9.316,0.459,0.433
Tunisia,2020,4.731,9.214,0.519,0.439
Tunisia,2021,4.499,9.249,0.451,0.336
Tunisia,2022,4.261,9.267,0.458,0.304
Tunisia,2023,4.505,9.282,0.461,0.364
Turkmenistan,2009,6.568,8.955,0.695,0.152
Turkmenistan,2011,5.792,9.146,0.577,0.122
Turkmenistan,2012,5.464,9.233,0.541,0.117
Turkmenistan,2013,5.392,9.312,0.552,0.160
Turkmenistan,2014,5.787,9.392,0.614,0.154
Turkmenistan,2015,5.791,9.437,0.633,0.301
Turkmenistan,2016,5.887,9.479,0.560,0.255
Turkmenistan,2017,5.229,9.525,0.488,0.350
Turkmenistan,2018,4.621,9.569,0.567,0.189
Turkmenistan,2019,5.474,9.615,0.494,0.183
Türkiye,2005,4.719,9.800,0.479,
Türkiye,2007,5.623,9.891,0.592,0.395
Türkiye,2008,5.118,9.887,0.510,0.345
Türkiye,2009,5.213,9.825,0.454,0.316
Türkiye,2010,5.490,9.893,0.532,0.327
Türkiye,2011,5.272,9.986,0.512,0.380
Türkiye,2012,5.309,10.018,0.506,0.335
Türkiye,2013,4.888,10.082,0.551,0.392
Türkiye,2014,5.580,10.111,0.410,0.377
Türkiye,2015,5.514,10.150,0.391,0.382
Türkiye,2016,5.326,10.166,0.414,0.390
Türkiye,2017,5.607,10.225,0.393,0.313
Türkiye,2018,5.186,10.246,0.379,0.351
Türkiye,2019,4.872,10.245,0.347,0.368
Türkiye,2020,4.862,10.257,0.332,0.440
Türkiye,2021,4.367,10.357,0.297,0.471
Türkiye,2022,5.093,10.404,0.311,0.390
Türkiye,2023,5.463,10.429,0.344,0.349
Uganda,2006,3.734,7.370,0.552,0.254
Uganda,2007,4.456,7.422,0.670,0.228
Uganda,2008,4.569,7.476,0.623,0.240
Uganda,2009,4.612,7.513,0.594,0.296
Uganda,2010,4.193,7.538,0.628,0.251
Uganda,2011,4.826,7.599,0.618,0.254
Uganda,2012,4.309,7.608,0.709,0.265
Uganda,2013,3.710,7.614,0.647,0.346
Uganda,2014,3.770,7.634,0.635,0.397
Uganda,2015,4.238,7.654,0.679,0.353
Uganda,2016,4.233,7.667,0.665,0.410
Uganda,2017,4.001,7.663,0.689,0.400
Uganda,2018,4.322,7.690,0.687,0.390
Uganda,2019,4.948,7.719,0.689,0.385
Uganda,2020,4.641,7.714,0.705,0.425
Uganda,2021,4.225,7.717,0.699,0.359
Uganda,2022,4.425,7.733,0.708,0.439
Uganda,2023,4.467,7.759,0.726,0.376
Ukraine,2006,4.804,9.414,0.551,0.249
Ukraine,2007,5.252,9.499,0.559,0.208
Ukraine,2008,5.172,9.527,0.545,0.186
Ukraine,2009,5.166,9.367,0.545,0.189
Ukraine,2010,5.058,9.411,0.472,0.227
Ukraine,2011,5.083,9.468,0.539,0.220
Ukraine,2012,5.030,9.472,0.509,0.193
Ukraine,2013,4.711,9.474,0.572,0.225
Ukraine,2014,4.297,9.424,0.543,0.249
Ukraine,2015,3.965,9.325,0.531,0.241
Ukraine,2016,4.029,9.353,0.550,0.220
Ukraine,2017,4.311,9.381,0.528,0.235
Ukraine,2018,4.662,9.420,0.550,0.222
Ukraine,2019,4.702,9.458,0.549,0.201
Ukraine,2020,5.270,9.426,0.629,0.285
Ukraine,2021,5.311,9.469,0.575,0.250
Ukraine,2022,4.637,9.281,0.527,0.390
Ukraine,2023,4.672,9.423,0.490,0.385
United Arab Emirates,2006,6.734,11.433,0.694,0.275
United Arab Emirates,2009,6.866,10.952,0.718,0.287
United Arab Emirates,2010,7.097,10.909,0.701,0.233
United Arab Emirates,2011,7.119,10.965,0.702,0.216
United Arab Emirates,2012,7.218,11.001,0.719,0.224
United Arab Emirates,2013,6.621,11.041,,0.291
United Arab Emirates,2014,6.540,11.072,,
United Arab Emirates,2015,6.568,11.128,0.722,0.296
United Arab Emirates,2016,6.831,11.174,0.739,0.245
United Arab Emirates,2017,7.039,11.173,0.737,0.208
United Arab Emirates,2018,6.604,11.178,0.723,0.302
United Arab Emirates,2019,6.711,11.181,0.730,0.284
United Arab Emirates,2020,6.458,11.122,0.702,0.298
United Arab Emirates,2021,6.733,11.152,0.697,0.217
United Arab Emirates,2022,6.738,11.216,0.715,0.242
United Arab Emirates,2023,6.728,11.236,0.655,0.304
United Kingdom,2005,6.984,10.661,0.779,0.262
United Kingdom,2007,6.802,10.693,0.686,0.241
United Kingdom,2008,6.986,10.684,0.724,0.218
United Kingdom,2009,6.907,10.630,0.739,0.231
United Kingdom,2010,7.029,10.646,0.753,0.176
United Kingdom,2011,6.869,10.649,0.742,0.174
United Kingdom,2012,6.881,10.656,0.739,0.184
United Kingdom,2013,6.918,10.668,0.719,0.252
United Kingdom,2014,6.758,10.692,0.740,0.251
United Kingdom,2015,6.515,10.707,0.740,0.219
United Kingdom,2016,6.824,10.721,0.732,0.230
United Kingdom,2017,7.103,10.739,0.712,0.210
United Kingdom,2018,7.233,10.750,0.736,0.228
United Kingdom,2019,7.157,10.760,0.739,0.251
United Kingdom,2020,6.798,10.639,0.717,0.225
United Kingdom,2021,6.867,10.713,0.684,0.266
United Kingdom,2022,6.722,10.754,0.723,0.270
United Kingdom,2023,6.658,10.759,0.719,0.272
United States,2006,7.182,10.921,0.775,0.261
United States,2007,7.513,10.931,0.756,0.232
United States,2008,7.280,10.923,0.774,0.227
United States,2009,7.158,10.888,0.753,0.262
United States,2010,7.164,10.906,0.776,0.231
United States,2011,7.115,10.914,0.737,0.273
United States,2012,7.026,10.929,0.765,0.260
United States,2013,7.249,10.941,0.776,0.260
United States,2014,7.151,10.956,0.786,0.281
United States,2015,6.864,10.975,0.769,0.275
United States,2016,6.804,10.985,0.737,0.264
United States,2017,6.992,11.001,0.755,0.268
United States,2018,6.883,11.024,0.757,0.292
United States,2019,6.944,11.042,0.755,0.244
United States,2020,7.028,11.005,0.722,0.295
United States,2021,6.959,11.061,0.740,0.277
United States,2022,6.693,11.078,0.712,0.267
United States,2023,6.521,11.089,0.706,0.284
Uruguay,2006,5.786,9.640,0.701,0.306
Uruguay,2007,5.694,9.702,0.710,0.274
Uruguay,2008,5.664,9.769,0.685,0.264
Uruguay,2009,6.296,9.808,0.722,0.255
Uruguay,2010,6.062,9.880,0.738,0.231
Uruguay,2011,6.554,9.928,0.702,0.252
Uruguay,2012,6.450,9.960,0.692,0.214
Uruguay,2013,6.444,10.002,0.743,0.253
Uruguay,2014,6.561,10.031,0.788,0.251
Uruguay,2015,6.628,10.032,0.812,0.300
Uruguay,2016,6.171,10.045,0.735,0.283
Uruguay,2017,6.336,10.060,0.742,0.280
Uruguay,2018,6.372,10.060,0.775,0.275
Uruguay,2019,6.600,10.067,0.764,0.222
Uruguay,2020,6.310,10.002,0.721,0.265
Uruguay,2021,6.502,10.054,0.746,0.263
Uruguay,2022,6.671,10.103,0.775,0.267
Uruguay,2023,6.662,10.122,0.753,0.265
Uzbekistan,2006,5.232,8.256,0.650,0.195
Uzbekistan,2008,5.311,8.402,0.647,0.187
Uzbekistan,2009,5.261,8.463,0.646,0.159
Uzbekistan,2010,5.095,8.508,0.665,0.152
Uzbekistan,2011,5.739,8.554,0.663,0.123
Uzbekistan,2012,6.019,8.608,0.650,0.118
Uzbekistan,2013,5.940,8.662,0.686,0.130
Uzbekistan,2014,6.049,8.712,0.713,0.106
Uzbekistan,2015,5.972,8.764,0.778,0.103
Uzbekistan,2016,5.893,8.804,0.771,0.147
Uzbekistan,2017,6.421,8.831,0.745,0.203
Uzbekistan,2018,6.205,8.870,0.746,0.209
Uzbekistan,2019,6.154,8.910,0.751,0.220
Uzbekistan,2020,5.842,8.910,0.678,0.279
Uzbekistan,2021,6.185,8.962,0.698,0.233
Uzbekistan,2022,6.016,8.996,0.741,0.225
Uzbekistan,2023,6.385,9.026,0.752,0.202
Venezuela,2005,7.170,9.316,0.803,0.233
Venezuela,2006,6.525,9.467,0.837,0.178
Venezuela,2008,6.258,9.719,0.818,0.224
Venezuela,2009,7.189,9.567,0.792,0.180
Venezuela,2010,7.478,9.748,0.847,0.130
Venezuela,2011,6.580,9.859,0.823,0.199
Venezuela,2012,7.067,9.862,0.844,0.176
Venezuela,2013,6.553,9.802,0.812,0.238
Venezuela,2014,6.136,9.366,0.797,0.244
Venezuela,2015,5.569,8.532,0.837,0.223
Venezuela,2016,4.041,7.602,0.676,0.392
Venezuela,2017,5.071,5.943,0.697,0.363
Venezuela,2018,5.006,5.935,0.723,0.374
Venezuela,2019,5.081,5.527,0.730,0.351
Venezuela,2020,4.574,,0.689,0.396
Venezuela,2021,5.108,,0.698,0.389
Venezuela,2022,5.949,,0.754,0.292
Venezuela,2023,5.765,,0.758,0.300
Vietnam,2006,5.294,8.554,0.657,0.204
Vietnam,2007,5.422,8.613,,0.206
Vietnam,2008,5.480,8.658,0.624,0.218
Vietnam,2009,5.304,8.701,0.481,0.190
Vietnam,2010,5.296,8.752,0.671,0.216
Vietnam,2011,5.767,8.804,0.494,0.193
Vietnam,2012,5.535,8.847,0.546,0.221
Vietnam,2013,5.023,8.890,0.689,0.165
Vietnam,2014,5.085,8.941,0.634,0.241
Vietnam,2015,5.076,8.999,0.583,0.232
Vietnam,2016,5.062,9.053,0.487,0.223
Vietnam,2017,5.175,9.111,,
Vietnam,2018,5.296,9.173,0.614,0.191
Vietnam,2019,5.467,9.235,0.658,0.186
Vietnam,2020,5.462,9.254,0.699,0.286
Vietnam,2021,5.540,9.271,0.651,0.280
Vietnam,2022,6.267,9.341,0.774,0.108
Vietnam,2023,6.325,9.392,0.710,0.120
Yemen,2007,4.477,8.212,0.524,0.379
Yemen,2009,4.809,8.250,0.511,0.374
Yemen,2010,4.350,8.414,0.514,0.308
Yemen,2011,3.746,8.264,0.416,0.285
Yemen,2012,4.061,8.179,0.413,0.263
Yemen,2013,4.218,8.166,0.478,0.266
Yemen,2014,3.968,8.159,0.527,0.276
Yemen,2015,2.983,7.772,0.458,0.321
Yemen,2016,3.826,7.552,0.401,0.228
Yemen,2017,3.254,7.243,0.368,0.295
Yemen,2018,3.058,7.444,0.409,0.315
Yemen,2019,4.197,7.448,0.481,0.213
Yemen,2022,3.590,,0.460,0.255
Yemen,2023,3.532,,0.447,0.341
Zambia,2006,4.824,7.834,0.664,0.226
Zambia,2007,3.998,7.879,0.653,0.246
Zambia,2008,4.730,7.918,0.707,0.206
Zambia,2009,5.260,7.971,0.693,0.123
Zambia,2011,4.999,8.054,0.771,0.204
Zambia,2012,5.013,8.094,0.676,0.250
Zambia,2013,5.244,8.111,0.727,0.308
Zambia,2014,4.346,8.124,0.639,0.327
Zambia,2015,4.843,8.121,0.634,0.382
Zambia,2016,4.348,8.127,0.688,0.372
Zambia,2017,3.933,8.130,0.660,0.387
Zambia,2018,4.041,8.139,0.662,0.351
Zambia,2019,3.307,8.123,0.674,0.394
Zambia,2020,4.838,8.066,0.679,0.345
Zambia,2021,3.082,8.082,0.656,0.349
Zambia,2022,3.728,8.101,0.660,0.309
Zambia,2023,3.686,8.115,0.653,0.359
Zimbabwe,2006,3.826,7.460,0.669,0.297
Zimbabwe,2007,3.280,7.413,0.589,0.265
Zimbabwe,2008,3.174,7.210,0.571,0.250
Zimbabwe,2009,4.056,7.313,0.660,0.218
Zimbabwe,2010,4.682,7.495,0.699,0.122
Zimbabwe,2011,4.846,7.617,0.699,0.211
Zimbabwe,2012,4.955,7.745,0.613,0.177
Zimbabwe,2013,4.690,7.755,0.624,0.182
Zimbabwe,2014,4.184,7.748,0.661,0.239
Zimbabwe,2015,3.703,7.747,0.639,0.179
Zimbabwe,2016,3.735,7.735,0.685,0.209
Zimbabwe,2017,3.638,7.754,0.734,0.224
Zimbabwe,2018,3.616,7.783,0.658,0.212
Zimbabwe,2019,2.694,7.698,0.658,0.235
Zimbabwe,2020,3.160,7.596,0.661,0.346
Zimbabwe,2021,3.155,7.657,0.610,0.242
Zimbabwe,2022,3.296,7.670,0.641,0.191
Zimbabwe,2023,3.572,7.679,0.610,0.179
